0,9.37E+08,0.00E+00,0.00E+00,3.49E+27,0.00E+00,0.00E+00,0.00E+00,0.00E+00,0.00E+00,r,99.9
1,9.36E+08,3.93E-02,3.24E-14,3.49E+27,3.74E+03,5.19E-01,9.38E-09,8.93E+00,1.197-102,r,1
2,9.36E+08,7.86E-02,6.32E-14,3.49E+27,1.01E+04,2.42E+00,1.75E-09,1.06E-01,5.63E-77,c,1.5
3,9.35E+08,8.13E-02,1.25E-13,3.49E+27,1.65E+04,6.27E+00,3.26E-08,1.68E-01,1.25E-65,c,2.1
4,9.34E+08,9.22E-02,2.69E-13,3.49E+27,1.97E+04,1.52E+01,6.61E-08,2.70E-01,2.55E-65,r,99.9
5,9.33E+08,1.16E-01,5.85E-13,3.49E+27,1.97E+04,3.49E+01,1.33E-07,2.55E-01,9.27E-62,r,99.9
6,9.32E+08,1.49E-01,7.95E-13,3.49E+27,1.97E+04,4.81E+01,1.38E-07,2.62E-01,9.64E-62,r,99.9
7,9.31E+08,1.76E-01,1.13E-12,3.49E+27,1.97E+04,6.91E+01,1.02E-07,2.14E-01,7.22E-62,r,99.9
8,9.30E+08,2.40E-01,1.73E-12,3.49E+27,1.97E+04,1.07E+02,2.69E-07,4.23E-01,1.93E-61,r,99.9
9,9.30E+08,5.10E-01,3.12E-12,3.49E+27,1.97E+04,1.95E+02,6.01E-07,7.71E-01,4.61E-61,r,99.9
10,9.29E+08,1.62E+00,6.23E-12,3.49E+27,1.99E+04,3.94E+02,1.35E-06,1.41E+00,1.35E-60,r,99.9
11,9.28E+08,5.79E+00,1.31E-11,3.49E+27,2.03E+04,8.33E+02,2.93E-06,2.39E+00,7.91E-60,r,29.9
12,9.27E+08,1.83E+01,2.75E-11,3.49E+27,2.17E+04,1.76E+03,5.91E-06,3.32E+00,2.21E-58,r,11
13,9.26E+08,4.58E+01,5.48E-11,3.49E+27,2.41E+04,3.52E+03,1.07E-05,3.66E+00,2.69E-56,r,6.2
14,9.25E+08,9.39E+01,1.02E-10,3.49E+27,2.72E+04,6.57E+03,1.77E-05,3.58E+00,4.28E-54,r,4.9
15,9.24E+08,1.68E+02,1.77E-10,3.49E+27,3.05E+04,1.15E+04,2.76E-05,3.41E+00,4.21E-52,r,4.5
16,9.23E+08,2.74E+02,2.91E-10,3.49E+27,3.39E+04,1.89E+04,4.09E-05,3.23E+00,2.45E-50,r,4.4
17,9.22E+08,4.19E+02,4.56E-10,3.49E+27,3.74E+04,2.97E+04,5.83E-05,3.07E+00,8.96E-49,r,4.4
18,9.21E+08,6.14E+02,6.87E-10,3.49E+27,4.09E+04,4.49E+04,8.07E-05,2.92E+00,2.22E-47,r,4.4
19,9.20E+08,8.66E+02,1.00E-09,3.49E+27,4.44E+04,6.57E+04,1.09E-04,2.78E+00,3.99E-46,r,4.5
20,9.19E+08,1.19E+03,1.42E-09,3.49E+27,4.80E+04,9.34E+04,1.43E-04,2.66E+00,5.46E-45,r,4.5
21,9.18E+08,1.59E+03,1.96E-09,3.49E+27,5.15E+04,1.30E+05,1.85E-04,2.56E+00,5.93E-44,r,4.5
22,9.17E+08,2.08E+03,2.66E-09,3.49E+27,5.51E+04,1.76E+05,2.36E-04,2.46E+00,5.28E-43,r,4.5
23,9.16E+08,2.68E+03,3.54E-09,3.49E+27,5.87E+04,2.35E+05,2.96E-04,2.37E+00,3.97E-42,r,4.5
24,9.15E+08,3.40E+03,4.62E-09,3.49E+27,6.22E+04,3.09E+05,3.66E-04,2.29E+00,2.57E-41,r,4.5
25,9.15E+08,4.26E+03,5.96E-09,3.49E+27,6.58E+04,3.99E+05,4.48E-04,2.21E+00,1.46E-40,r,4.5
26,9.14E+08,5.27E+03,7.59E-09,3.49E+27,6.94E+04,5.10E+05,5.42E-04,2.14E+00,7.42E-40,r,4.5
27,9.13E+08,6.44E+03,9.54E-09,3.49E+27,7.30E+04,6.43E+05,6.51E-04,2.08E+00,3.40E-39,r,4.5
28,9.12E+08,7.81E+03,1.19E-08,3.49E+27,7.66E+04,8.03E+05,7.74E-04,2.02E+00,1.42E-38,r,4.5
29,9.11E+08,9.39E+03,1.46E-08,3.49E+27,8.03E+04,9.93E+05,9.14E-04,1.97E+00,5.48E-38,r,4.6
30,9.10E+08,1.12E+04,1.79E-08,3.49E+27,8.39E+04,1.22E+06,1.07E-03,1.92E+00,1.96E-37,r,4.6
31,9.09E+08,1.33E+04,2.16E-08,3.49E+27,8.75E+04,1.48E+06,1.25E-03,1.87E+00,6.58E-37,r,4.6
32,9.08E+08,1.56E+04,2.60E-08,3.49E+27,9.12E+04,1.78E+06,1.45E-03,1.83E+00,2.07E-36,r,4.6
33,9.07E+08,1.82E+04,3.11E-08,3.49E+27,9.48E+04,2.14E+06,1.67E-03,1.78E+00,6.18E-36,r,4.6
34,9.06E+08,2.12E+04,3.68E-08,3.49E+27,9.85E+04,2.54E+06,1.91E-03,1.74E+00,1.75E-35,r,4.6
35,9.05E+08,2.45E+04,4.34E-08,3.49E+27,1.02E+05,3.01E+06,2.18E-03,1.71E+00,4.73E-35,r,4.6
36,9.04E+08,2.82E+04,5.09E-08,3.49E+27,1.06E+05,3.54E+06,2.48E-03,1.67E+00,1.23E-34,r,4.6
37,9.03E+08,3.22E+04,5.94E-08,3.49E+27,1.10E+05,4.14E+06,2.80E-03,1.64E+00,3.05E-34,r,4.6
38,9.02E+08,3.68E+04,6.89E-08,3.49E+27,1.13E+05,4.83E+06,3.16E-03,1.61E+00,7.32E-34,r,4.6
39,9.01E+08,4.18E+04,7.97E-08,3.49E+27,1.17E+05,5.60E+06,3.54E-03,1.58E+00,1.70E-33,r,4.6
40,9.00E+08,4.72E+04,9.17E-08,3.49E+27,1.21E+05,6.46E+06,3.97E-03,1.55E+00,3.81E-33,r,4.6
41,9.00E+08,5.33E+04,1.05E-07,3.49E+27,1.24E+05,7.43E+06,4.42E-03,1.52E+00,8.29E-33,r,4.6
42,8.99E+08,5.99E+04,1.20E-07,3.49E+27,1.28E+05,8.51E+06,4.92E-03,1.49E+00,1.76E-32,r,4.6
43,8.98E+08,6.71E+04,1.36E-07,3.49E+27,1.32E+05,9.71E+06,5.46E-03,1.47E+00,3.62E-32,r,4.6
44,8.97E+08,7.49E+04,1.55E-07,3.49E+27,1.36E+05,1.10E+07,6.04E-03,1.44E+00,7.30E-32,r,4.6
45,8.96E+08,8.34E+04,1.75E-07,3.49E+27,1.39E+05,1.25E+07,6.66E-03,1.42E+00,1.44E-31,r,4.6
46,8.95E+08,9.26E+04,1.97E-07,3.49E+27,1.43E+05,1.42E+07,7.33E-03,1.40E+00,2.76E-31,r,4.6
47,8.94E+08,1.03E+05,2.21E-07,3.49E+27,1.47E+05,1.59E+07,8.05E-03,1.38E+00,5.21E-31,r,4.6
48,8.93E+08,1.13E+05,2.47E-07,3.49E+27,1.51E+05,1.79E+07,8.82E-03,1.36E+00,9.64E-31,r,4.6
49,8.92E+08,1.25E+05,2.76E-07,3.49E+27,1.55E+05,2.01E+07,9.64E-03,1.34E+00,1.75E-30,r,4.6
50,8.91E+08,1.38E+05,3.08E-07,3.49E+27,1.58E+05,2.25E+07,1.05E-02,1.32E+00,3.13E-30,r,4.6
51,8.90E+08,1.51E+05,3.42E-07,3.49E+27,1.62E+05,2.50E+07,1.15E-02,1.30E+00,5.49E-30,r,4.6
52,8.89E+08,1.66E+05,3.79E-07,3.49E+27,1.66E+05,2.79E+07,1.25E-02,1.28E+00,9.49E-30,r,4.6
53,8.88E+08,1.81E+05,4.20E-07,3.49E+27,1.70E+05,3.09E+07,1.35E-02,1.27E+00,1.62E-29,r,4.6
54,8.87E+08,1.98E+05,4.63E-07,3.49E+27,1.74E+05,3.43E+07,1.47E-02,1.25E+00,2.72E-29,r,4.6
55,8.86E+08,2.15E+05,5.11E-07,3.49E+27,1.77E+05,3.79E+07,1.59E-02,1.23E+00,4.50E-29,r,4.6
56,8.85E+08,2.34E+05,5.62E-07,3.49E+27,1.81E+05,4.18E+07,1.71E-02,1.22E+00,7.36E-29,r,4.6
57,8.85E+08,2.55E+05,6.17E-07,3.49E+27,1.85E+05,4.61E+07,1.85E-02,1.20E+00,1.19E-28,r,4.6
58,8.84E+08,2.76E+05,6.76E-07,3.49E+27,1.89E+05,5.07E+07,1.99E-02,1.19E+00,1.90E-28,r,4.6
59,8.83E+08,2.99E+05,7.39E-07,3.49E+27,1.93E+05,5.56E+07,2.14E-02,1.18E+00,3.00E-28,r,4.6
60,8.82E+08,3.23E+05,8.07E-07,3.49E+27,1.97E+05,6.09E+07,2.30E-02,1.16E+00,4.69E-28,r,4.6
61,8.81E+08,3.49E+05,8.80E-07,3.49E+27,2.01E+05,6.67E+07,2.47E-02,1.15E+00,7.25E-28,r,4.6
62,8.80E+08,3.76E+05,9.58E-07,3.49E+27,2.05E+05,7.28E+07,2.64E-02,1.14E+00,1.11E-27,r,4.6
63,8.79E+08,4.05E+05,1.04E-06,3.49E+27,2.09E+05,7.95E+07,2.83E-02,1.12E+00,1.68E-27,r,4.6
64,8.78E+08,4.36E+05,1.13E-06,3.49E+27,2.12E+05,8.65E+07,3.03E-02,1.11E+00,2.53E-27,r,4.6
65,8.77E+08,4.68E+05,1.23E-06,3.49E+27,2.16E+05,9.41E+07,3.23E-02,1.10E+00,3.77E-27,r,4.6
66,8.76E+08,5.02E+05,1.33E-06,3.49E+27,2.20E+05,1.02E+08,3.45E-02,1.09E+00,5.58E-27,r,4.6
67,8.75E+08,5.39E+05,1.43E-06,3.49E+27,2.24E+05,1.11E+08,3.67E-02,1.08E+00,8.18E-27,r,4.6
68,8.74E+08,5.77E+05,1.55E-06,3.49E+27,2.28E+05,1.20E+08,3.91E-02,1.07E+00,1.19E-26,r,4.6
69,8.73E+08,6.17E+05,1.67E-06,3.49E+27,2.32E+05,1.30E+08,4.16E-02,1.06E+00,1.72E-26,r,4.6
70,8.72E+08,6.59E+05,1.80E-06,3.49E+27,2.36E+05,1.41E+08,4.42E-02,1.04E+00,2.46E-26,r,4.6
71,8.71E+08,7.03E+05,1.93E-06,3.49E+27,2.40E+05,1.52E+08,4.70E-02,1.03E+00,3.51E-26,r,4.6
72,8.70E+08,7.50E+05,2.08E-06,3.49E+27,2.44E+05,1.64E+08,4.98E-02,1.02E+00,4.96E-26,r,4.6
73,8.70E+08,7.99E+05,2.23E-06,3.49E+27,2.48E+05,1.76E+08,5.28E-02,1.02E+00,6.96E-26,r,4.6
74,8.69E+08,8.50E+05,2.39E-06,3.49E+27,2.52E+05,1.90E+08,5.60E-02,1.01E+00,9.72E-26,r,4.6
75,8.68E+08,9.04E+05,2.56E-06,3.49E+27,2.56E+05,2.04E+08,5.92E-02,9.96E-01,1.35E-25,r,4.6
76,8.67E+08,9.61E+05,2.74E-06,3.49E+27,2.60E+05,2.19E+08,6.26E-02,9.87E-01,1.86E-25,r,4.6
77,8.66E+08,1.02E+06,2.93E-06,3.49E+27,2.64E+05,2.35E+08,6.62E-02,9.79E-01,2.56E-25,r,4.6
78,8.65E+08,1.08E+06,3.14E-06,3.49E+27,2.68E+05,2.52E+08,6.99E-02,9.70E-01,3.49E-25,r,4.6
79,8.64E+08,1.15E+06,3.35E-06,3.49E+27,2.72E+05,2.70E+08,7.38E-02,9.62E-01,4.73E-25,r,4.6
80,8.63E+08,1.22E+06,3.57E-06,3.49E+27,2.76E+05,2.89E+08,7.78E-02,9.53E-01,6.39E-25,r,4.6
81,8.62E+08,1.29E+06,3.80E-06,3.49E+27,2.80E+05,3.09E+08,8.20E-02,9.45E-01,8.59E-25,r,4.6
82,8.61E+08,1.36E+06,4.05E-06,3.49E+27,2.85E+05,3.31E+08,8.64E-02,9.37E-01,1.15E-24,r,4.6
83,8.60E+08,1.44E+06,4.31E-06,3.49E+27,2.89E+05,3.53E+08,9.09E-02,9.30E-01,1.53E-24,r,4.6
84,8.59E+08,1.52E+06,4.58E-06,3.49E+27,2.93E+05,3.77E+08,9.56E-02,9.22E-01,2.03E-24,r,4.6
85,8.58E+08,1.60E+06,4.86E-06,3.49E+27,2.97E+05,4.01E+08,1.01E-01,9.15E-01,2.67E-24,r,4.6
86,8.57E+08,1.69E+06,5.16E-06,3.49E+27,3.01E+05,4.28E+08,1.06E-01,9.08E-01,3.51E-24,r,4.6
87,8.56E+08,1.78E+06,5.47E-06,3.49E+27,3.05E+05,4.55E+08,1.11E-01,9.01E-01,4.59E-24,r,4.6
88,8.55E+08,1.88E+06,5.80E-06,3.49E+27,3.09E+05,4.84E+08,1.16E-01,8.94E-01,5.98E-24,r,4.6
89,8.55E+08,1.98E+06,6.15E-06,3.49E+27,3.13E+05,5.15E+08,1.22E-01,8.87E-01,7.76E-24,r,4.6
90,8.54E+08,2.08E+06,6.50E-06,3.49E+27,3.18E+05,5.47E+08,1.28E-01,8.80E-01,1.00E-23,r,4.6
91,8.53E+08,2.19E+06,6.88E-06,3.49E+27,3.22E+05,5.80E+08,1.34E-01,8.73E-01,1.29E-23,r,4.6
92,8.52E+08,2.30E+06,7.27E-06,3.49E+27,3.26E+05,6.16E+08,1.40E-01,8.67E-01,1.66E-23,r,4.6
93,8.51E+08,2.42E+06,7.68E-06,3.49E+27,3.30E+05,6.53E+08,1.47E-01,8.61E-01,2.12E-23,r,4.6
94,8.50E+08,2.54E+06,8.11E-06,3.49E+27,3.34E+05,6.92E+08,1.54E-01,8.54E-01,2.70E-23,r,4.6
95,8.49E+08,2.66E+06,8.56E-06,3.49E+27,3.39E+05,7.32E+08,1.61E-01,8.48E-01,3.44E-23,r,4.6
96,8.48E+08,2.79E+06,9.02E-06,3.49E+27,3.43E+05,7.75E+08,1.68E-01,8.42E-01,4.35E-23,r,4.6
97,8.47E+08,2.93E+06,9.51E-06,3.49E+27,3.47E+05,8.20E+08,1.76E-01,8.36E-01,5.49E-23,r,4.6
98,8.46E+08,3.07E+06,1.00E-05,3.49E+27,3.51E+05,8.67E+08,1.84E-01,8.31E-01,6.91E-23,r,4.6
99,8.45E+08,3.22E+06,1.05E-05,3.49E+27,3.55E+05,9.16E+08,1.92E-01,8.25E-01,8.67E-23,r,4.6
100,8.44E+08,3.37E+06,1.11E-05,3.49E+27,3.60E+05,9.67E+08,2.00E-01,8.19E-01,1.08E-22,r,4.6
101,8.43E+08,3.52E+06,1.17E-05,3.49E+27,3.64E+05,1.02E+09,2.09E-01,8.14E-01,1.35E-22,r,4.6
102,8.42E+08,3.68E+06,1.23E-05,3.49E+27,3.68E+05,1.08E+09,2.17E-01,8.08E-01,1.68E-22,r,4.6
103,8.41E+08,3.85E+06,1.29E-05,3.49E+27,3.73E+05,1.14E+09,2.27E-01,8.03E-01,2.09E-22,r,4.6
104,8.40E+08,4.03E+06,1.35E-05,3.49E+27,3.77E+05,1.20E+09,2.36E-01,7.98E-01,2.58E-22,r,4.6
105,8.40E+08,4.20E+06,1.42E-05,3.49E+27,3.81E+05,1.26E+09,2.46E-01,7.93E-01,3.18E-22,r,4.6
106,8.39E+08,4.39E+06,1.49E-05,3.49E+27,3.86E+05,1.33E+09,2.56E-01,7.88E-01,3.92E-22,r,4.6
107,8.38E+08,4.58E+06,1.56E-05,3.49E+27,3.90E+05,1.40E+09,2.67E-01,7.83E-01,4.81E-22,r,4.6
108,8.37E+08,4.78E+06,1.64E-05,3.49E+27,3.94E+05,1.47E+09,2.77E-01,7.78E-01,5.89E-22,r,4.6
109,8.36E+08,4.99E+06,1.71E-05,3.49E+27,3.99E+05,1.55E+09,2.88E-01,7.73E-01,7.19E-22,r,4.6
110,8.35E+08,5.20E+06,1.80E-05,3.49E+27,4.03E+05,1.62E+09,3.00E-01,7.68E-01,8.77E-22,r,4.6
111,8.34E+08,5.42E+06,1.88E-05,3.49E+27,4.07E+05,1.71E+09,3.12E-01,7.63E-01,1.07E-21,r,4.6
112,8.33E+08,5.64E+06,1.97E-05,3.49E+27,4.12E+05,1.79E+09,3.24E-01,7.59E-01,1.29E-21,r,4.6
113,8.32E+08,5.88E+06,2.06E-05,3.49E+27,4.16E+05,1.88E+09,3.36E-01,7.54E-01,1.57E-21,r,4.6
114,8.31E+08,6.12E+06,2.15E-05,3.49E+27,4.20E+05,1.97E+09,3.49E-01,7.50E-01,1.89E-21,r,4.6
115,8.30E+08,6.37E+06,2.25E-05,3.49E+27,4.25E+05,2.07E+09,3.62E-01,7.45E-01,2.28E-21,r,4.6
116,8.29E+08,6.63E+06,2.35E-05,3.49E+27,4.29E+05,2.17E+09,3.76E-01,7.41E-01,2.75E-21,r,4.6
117,8.28E+08,6.89E+06,2.45E-05,3.49E+27,4.34E+05,2.27E+09,3.90E-01,7.37E-01,3.30E-21,r,4.6
118,8.27E+08,7.16E+06,2.56E-05,3.49E+27,4.38E+05,2.38E+09,4.05E-01,7.32E-01,3.95E-21,r,4.6
119,8.26E+08,7.45E+06,2.67E-05,3.49E+27,4.43E+05,2.49E+09,4.19E-01,7.28E-01,4.73E-21,r,4.6
120,8.26E+08,7.74E+06,2.78E-05,3.49E+27,4.47E+05,2.61E+09,4.35E-01,7.24E-01,5.65E-21,r,4.6
121,8.25E+08,8.04E+06,2.90E-05,3.49E+27,4.51E+05,2.73E+09,4.50E-01,7.20E-01,6.73E-21,r,4.6
122,8.24E+08,8.34E+06,3.02E-05,3.49E+27,4.56E+05,2.86E+09,4.67E-01,7.16E-01,8.00E-21,r,4.6
123,8.23E+08,8.66E+06,3.15E-05,3.49E+27,4.60E+05,2.99E+09,4.83E-01,7.12E-01,9.50E-21,r,4.6
124,8.22E+08,8.99E+06,3.28E-05,3.49E+27,4.65E+05,3.13E+09,5.00E-01,7.08E-01,1.13E-20,r,4.6
125,8.21E+08,9.33E+06,3.42E-05,3.49E+27,4.69E+05,3.27E+09,5.18E-01,7.04E-01,1.33E-20,r,4.6
126,8.20E+08,9.67E+06,3.56E-05,3.49E+27,4.74E+05,3.41E+09,5.36E-01,7.01E-01,1.58E-20,r,4.6
127,8.19E+08,1.00E+07,3.70E-05,3.49E+27,4.79E+05,3.57E+09,5.55E-01,6.97E-01,1.86E-20,r,4.6
128,8.18E+08,1.04E+07,3.85E-05,3.49E+27,4.83E+05,3.72E+09,5.74E-01,6.93E-01,2.19E-20,r,4.6
129,8.17E+08,1.08E+07,4.00E-05,3.49E+27,4.88E+05,3.89E+09,5.93E-01,6.89E-01,2.57E-20,r,4.6
130,8.16E+08,1.12E+07,4.16E-05,3.49E+27,4.92E+05,4.06E+09,6.13E-01,6.86E-01,3.02E-20,r,4.6
131,8.15E+08,1.16E+07,4.32E-05,3.49E+27,4.97E+05,4.23E+09,6.34E-01,6.82E-01,3.54E-20,r,4.6
132,8.14E+08,1.20E+07,4.49E-05,3.49E+27,5.01E+05,4.41E+09,6.55E-01,6.79E-01,4.14E-20,r,4.6
133,8.13E+08,1.24E+07,4.67E-05,3.49E+27,5.06E+05,4.60E+09,6.77E-01,6.75E-01,4.84E-20,r,4.6
134,8.12E+08,1.28E+07,4.84E-05,3.49E+27,5.11E+05,4.80E+09,6.99E-01,6.72E-01,5.65E-20,r,4.6
135,8.11E+08,1.33E+07,5.03E-05,3.49E+27,5.15E+05,5.00E+09,7.22E-01,6.68E-01,6.59E-20,r,4.6
136,8.11E+08,1.37E+07,5.22E-05,3.49E+27,5.20E+05,5.21E+09,7.45E-01,6.65E-01,7.67E-20,r,4.6
137,8.10E+08,1.42E+07,5.41E-05,3.49E+27,5.24E+05,5.42E+09,7.69E-01,6.62E-01,8.91E-20,r,4.6
138,8.09E+08,1.47E+07,5.62E-05,3.49E+27,5.29E+05,5.64E+09,7.94E-01,6.58E-01,1.03E-19,r,4.6
139,8.08E+08,1.52E+07,5.82E-05,3.49E+27,5.34E+05,5.88E+09,8.19E-01,6.55E-01,1.20E-19,r,4.6
140,8.07E+08,1.57E+07,6.04E-05,3.49E+27,5.38E+05,6.11E+09,8.45E-01,6.52E-01,1.39E-19,r,4.6
141,8.06E+08,1.62E+07,6.26E-05,3.49E+27,5.43E+05,6.36E+09,8.72E-01,6.49E-01,1.60E-19,r,4.6
142,8.05E+08,1.68E+07,6.48E-05,3.49E+27,5.48E+05,6.62E+09,8.99E-01,6.46E-01,1.85E-19,r,4.6
143,8.04E+08,1.73E+07,6.71E-05,3.49E+27,5.53E+05,6.88E+09,9.27E-01,6.43E-01,2.14E-19,r,4.6
144,8.03E+08,1.79E+07,6.95E-05,3.49E+27,5.57E+05,7.15E+09,9.55E-01,6.40E-01,2.46E-19,r,4.6
145,8.02E+08,1.85E+07,7.20E-05,3.49E+27,5.62E+05,7.43E+09,9.85E-01,6.37E-01,2.83E-19,r,4.6
146,8.01E+08,1.90E+07,7.45E-05,3.49E+27,5.67E+05,7.72E+09,1.02E+00,6.34E-01,3.25E-19,r,4.6
147,8.00E+08,1.97E+07,7.71E-05,3.49E+27,5.72E+05,8.03E+09,1.05E+00,6.31E-01,3.74E-19,r,4.6
148,7.99E+08,2.03E+07,7.98E-05,3.49E+27,5.76E+05,8.34E+09,1.08E+00,6.28E-01,4.28E-19,r,4.6
149,7.98E+08,2.09E+07,8.25E-05,3.49E+27,5.81E+05,8.66E+09,1.11E+00,6.25E-01,4.91E-19,r,4.6
150,7.97E+08,2.16E+07,8.54E-05,3.49E+27,5.86E+05,8.99E+09,1.14E+00,6.22E-01,5.61E-19,r,4.6
151,7.96E+08,2.23E+07,8.83E-05,3.49E+27,5.91E+05,9.33E+09,1.18E+00,6.19E-01,6.41E-19,r,4.6
152,7.96E+08,2.29E+07,9.12E-05,3.49E+27,5.95E+05,9.68E+09,1.21E+00,6.16E-01,7.32E-19,r,4.6
153,7.95E+08,2.37E+07,9.43E-05,3.49E+27,6.00E+05,1.00E+10,1.25E+00,6.14E-01,8.35E-19,r,4.6
154,7.94E+08,2.44E+07,9.74E-05,3.49E+27,6.05E+05,1.04E+10,1.28E+00,6.11E-01,9.51E-19,r,4.6
155,7.93E+08,2.51E+07,1.01E-04,3.49E+27,6.10E+05,1.08E+10,1.32E+00,6.08E-01,1.08E-18,r,4.6
156,7.92E+08,2.59E+07,1.04E-04,3.49E+27,6.15E+05,1.12E+10,1.36E+00,6.05E-01,1.23E-18,r,4.6
157,7.91E+08,2.67E+07,1.07E-04,3.49E+27,6.20E+05,1.16E+10,1.40E+00,6.03E-01,1.40E-18,r,4.6
158,7.90E+08,2.75E+07,1.11E-04,3.49E+27,6.25E+05,1.20E+10,1.44E+00,6.00E-01,1.59E-18,r,4.6
159,7.89E+08,2.83E+07,1.14E-04,3.49E+27,6.29E+05,1.25E+10,1.48E+00,5.97E-01,1.80E-18,r,4.6
160,7.88E+08,2.91E+07,1.18E-04,3.49E+27,6.34E+05,1.29E+10,1.52E+00,5.95E-01,2.04E-18,r,4.6
161,7.87E+08,3.00E+07,1.22E-04,3.49E+27,6.39E+05,1.34E+10,1.56E+00,5.92E-01,2.31E-18,r,4.6
162,7.86E+08,3.08E+07,1.26E-04,3.49E+27,6.44E+05,1.39E+10,1.60E+00,5.90E-01,2.61E-18,r,4.6
163,7.85E+08,3.17E+07,1.30E-04,3.49E+27,6.49E+05,1.44E+10,1.65E+00,5.87E-01,2.94E-18,r,4.6
164,7.84E+08,3.27E+07,1.34E-04,3.49E+27,6.54E+05,1.49E+10,1.69E+00,5.85E-01,3.32E-18,r,4.6
165,7.83E+08,3.36E+07,1.38E-04,3.49E+27,6.59E+05,1.54E+10,1.74E+00,5.82E-01,3.75E-18,r,4.6
166,7.82E+08,3.45E+07,1.42E-04,3.49E+27,6.64E+05,1.59E+10,1.79E+00,5.80E-01,4.22E-18,r,4.6
167,7.81E+08,3.55E+07,1.46E-04,3.49E+27,6.69E+05,1.65E+10,1.83E+00,5.78E-01,4.75E-18,r,4.6
168,7.81E+08,3.65E+07,1.51E-04,3.49E+27,6.74E+05,1.70E+10,1.88E+00,5.75E-01,5.34E-18,r,4.6
169,7.80E+08,3.76E+07,1.55E-04,3.49E+27,6.79E+05,1.76E+10,1.93E+00,5.73E-01,6.01E-18,r,4.6
170,7.79E+08,3.86E+07,1.60E-04,3.49E+27,6.84E+05,1.82E+10,1.99E+00,5.70E-01,6.74E-18,r,4.6
171,7.78E+08,3.97E+07,1.65E-04,3.49E+27,6.89E+05,1.89E+10,2.04E+00,5.68E-01,7.57E-18,r,4.6
172,7.77E+08,4.08E+07,1.70E-04,3.49E+27,6.94E+05,1.95E+10,2.09E+00,5.66E-01,8.48E-18,r,4.6
173,7.76E+08,4.19E+07,1.75E-04,3.49E+27,6.99E+05,2.02E+10,2.15E+00,5.64E-01,9.50E-18,r,4.6
174,7.75E+08,4.30E+07,1.80E-04,3.49E+27,7.04E+05,2.08E+10,2.20E+00,5.61E-01,1.06E-17,r,4.6
175,7.74E+08,4.42E+07,1.85E-04,3.49E+27,7.09E+05,2.15E+10,2.26E+00,5.59E-01,1.19E-17,r,4.6
176,7.73E+08,4.54E+07,1.91E-04,3.49E+27,7.15E+05,2.22E+10,2.32E+00,5.57E-01,1.33E-17,r,4.6
177,7.72E+08,4.66E+07,1.96E-04,3.49E+27,7.20E+05,2.30E+10,2.38E+00,5.55E-01,1.49E-17,r,4.6
178,7.71E+08,4.79E+07,2.02E-04,3.49E+27,7.25E+05,2.37E+10,2.44E+00,5.53E-01,1.66E-17,r,4.6
179,7.70E+08,4.92E+07,2.08E-04,3.49E+27,7.30E+05,2.45E+10,2.50E+00,5.50E-01,1.85E-17,r,4.6
180,7.69E+08,5.05E+07,2.14E-04,3.49E+27,7.35E+05,2.53E+10,2.56E+00,5.48E-01,2.06E-17,r,4.6
181,7.68E+08,5.18E+07,2.20E-04,3.49E+27,7.40E+05,2.61E+10,2.63E+00,5.46E-01,2.30E-17,r,4.6
182,7.67E+08,5.31E+07,2.26E-04,3.49E+27,7.45E+05,2.70E+10,2.69E+00,5.44E-01,2.55E-17,r,4.6
183,7.66E+08,5.45E+07,2.32E-04,3.49E+27,7.51E+05,2.78E+10,2.76E+00,5.42E-01,2.84E-17,r,4.6
184,7.66E+08,5.60E+07,2.38E-04,3.49E+27,7.56E+05,2.87E+10,2.83E+00,5.40E-01,3.16E-17,r,4.6
185,7.65E+08,5.74E+07,2.45E-04,3.49E+27,7.61E+05,2.96E+10,2.90E+00,5.38E-01,3.51E-17,r,4.6
186,7.64E+08,5.89E+07,2.52E-04,3.49E+27,7.66E+05,3.06E+10,2.97E+00,5.36E-01,3.89E-17,r,4.6
187,7.63E+08,6.04E+07,2.59E-04,3.49E+27,7.72E+05,3.16E+10,3.05E+00,5.34E-01,4.32E-17,r,4.6
188,7.62E+08,6.19E+07,2.66E-04,3.49E+27,7.77E+05,3.25E+10,3.12E+00,5.32E-01,4.79E-17,r,4.6
189,7.61E+08,6.35E+07,2.73E-04,3.49E+27,7.82E+05,3.36E+10,3.20E+00,5.30E-01,5.30E-17,r,4.6
190,7.60E+08,6.51E+07,2.80E-04,3.49E+27,7.87E+05,3.46E+10,3.27E+00,5.28E-01,5.87E-17,r,4.6
191,7.59E+08,6.67E+07,2.88E-04,3.49E+27,7.93E+05,3.57E+10,3.35E+00,5.26E-01,6.50E-17,r,4.6
192,7.58E+08,6.84E+07,2.96E-04,3.49E+27,7.98E+05,3.68E+10,3.43E+00,5.24E-01,7.19E-17,r,4.6
193,7.57E+08,7.01E+07,3.03E-04,3.49E+27,8.03E+05,3.79E+10,3.52E+00,5.22E-01,7.94E-17,r,4.6
194,7.56E+08,7.18E+07,3.11E-04,3.49E+27,8.09E+05,3.91E+10,3.60E+00,5.20E-01,8.77E-17,r,4.6
195,7.55E+08,7.36E+07,3.20E-04,3.49E+27,8.14E+05,4.03E+10,3.69E+00,5.18E-01,9.68E-17,r,4.6
196,7.54E+08,7.54E+07,3.28E-04,3.49E+27,8.19E+05,4.15E+10,3.77E+00,5.17E-01,1.07E-16,r,4.6
197,7.53E+08,7.73E+07,3.36E-04,3.49E+27,8.25E+05,4.28E+10,3.86E+00,5.15E-01,1.18E-16,r,4.6
198,7.52E+08,7.91E+07,3.45E-04,3.49E+27,8.30E+05,4.40E+10,3.95E+00,5.13E-01,1.30E-16,r,4.6
199,7.51E+08,8.11E+07,3.54E-04,3.49E+27,8.36E+05,4.54E+10,4.04E+00,5.11E-01,1.43E-16,r,4.6
200,7.51E+08,8.30E+07,3.63E-04,3.49E+27,8.41E+05,4.67E+10,4.14E+00,5.09E-01,1.57E-16,r,4.6
201,7.50E+08,8.50E+07,3.72E-04,3.49E+27,8.46E+05,4.81E+10,4.23E+00,5.07E-01,1.73E-16,r,4.6
202,7.49E+08,8.70E+07,3.82E-04,3.49E+27,8.52E+05,4.95E+10,4.33E+00,5.06E-01,1.90E-16,r,4.6
203,7.48E+08,8.91E+07,3.92E-04,3.49E+27,8.57E+05,5.10E+10,4.43E+00,5.04E-01,2.09E-16,r,4.6
204,7.47E+08,9.12E+07,4.01E-04,3.49E+27,8.63E+05,5.25E+10,4.53E+00,5.02E-01,2.30E-16,r,4.6
205,7.46E+08,9.34E+07,4.11E-04,3.49E+27,8.68E+05,5.40E+10,4.64E+00,5.00E-01,2.52E-16,r,4.6
206,7.45E+08,9.56E+07,4.22E-04,3.49E+27,8.74E+05,5.56E+10,4.74E+00,4.99E-01,2.77E-16,r,4.6
207,7.44E+08,9.78E+07,4.32E-04,3.49E+27,8.79E+05,5.72E+10,4.85E+00,4.97E-01,3.04E-16,r,4.6
208,7.43E+08,1.00E+08,4.43E-04,3.49E+27,8.85E+05,5.89E+10,4.96E+00,4.95E-01,3.33E-16,r,4.6
209,7.42E+08,1.02E+08,4.54E-04,3.49E+27,8.90E+05,6.06E+10,5.07E+00,4.94E-01,3.65E-16,r,4.6
210,7.41E+08,1.05E+08,4.65E-04,3.49E+27,8.96E+05,6.23E+10,5.18E+00,4.92E-01,4.00E-16,r,4.6
211,7.40E+08,1.07E+08,4.76E-04,3.49E+27,9.02E+05,6.41E+10,5.30E+00,4.90E-01,4.38E-16,r,4.6
212,7.39E+08,1.10E+08,4.88E-04,3.49E+27,9.07E+05,6.59E+10,5.42E+00,4.89E-01,4.79E-16,r,4.5
213,7.38E+08,1.12E+08,4.99E-04,3.49E+27,9.13E+05,6.78E+10,5.54E+00,4.87E-01,5.24E-16,r,4.5
214,7.37E+08,1.15E+08,5.11E-04,3.49E+27,9.18E+05,6.97E+10,5.66E+00,4.85E-01,5.72E-16,r,4.5
215,7.36E+08,1.17E+08,5.24E-04,3.49E+27,9.24E+05,7.17E+10,5.78E+00,4.84E-01,6.25E-16,r,4.5
216,7.36E+08,1.20E+08,5.36E-04,3.49E+27,9.30E+05,7.37E+10,5.91E+00,4.82E-01,6.83E-16,r,4.5
217,7.35E+08,1.23E+08,5.49E-04,3.49E+27,9.35E+05,7.58E+10,6.04E+00,4.81E-01,7.45E-16,r,4.5
218,7.34E+08,1.25E+08,5.62E-04,3.49E+27,9.41E+05,7.79E+10,6.17E+00,4.79E-01,8.13E-16,r,4.5
219,7.33E+08,1.28E+08,5.75E-04,3.49E+27,9.47E+05,8.01E+10,6.30E+00,4.77E-01,8.87E-16,r,4.5
220,7.32E+08,1.31E+08,5.88E-04,3.49E+27,9.52E+05,8.23E+10,6.44E+00,4.76E-01,9.67E-16,r,4.5
221,7.31E+08,1.34E+08,6.02E-04,3.49E+27,9.58E+05,8.46E+10,6.58E+00,4.74E-01,1.05E-15,r,4.5
222,7.30E+08,1.37E+08,6.16E-04,3.49E+27,9.64E+05,8.69E+10,6.72E+00,4.73E-01,1.15E-15,r,4.5
223,7.29E+08,1.40E+08,6.30E-04,3.49E+27,9.70E+05,8.93E+10,6.86E+00,4.71E-01,1.25E-15,r,4.5
224,7.28E+08,1.43E+08,6.45E-04,3.49E+27,9.75E+05,9.17E+10,7.01E+00,4.70E-01,1.36E-15,r,4.5
225,7.27E+08,1.46E+08,6.59E-04,3.49E+27,9.81E+05,9.42E+10,7.15E+00,4.68E-01,1.48E-15,r,4.5
226,7.26E+08,1.49E+08,6.74E-04,3.49E+27,9.87E+05,9.68E+10,7.31E+00,4.67E-01,1.61E-15,r,4.5
227,7.25E+08,1.52E+08,6.90E-04,3.49E+27,9.93E+05,9.94E+10,7.46E+00,4.65E-01,1.75E-15,r,4.5
228,7.24E+08,1.56E+08,7.05E-04,3.49E+27,9.99E+05,1.02E+11,7.62E+00,4.64E-01,1.90E-15,r,4.5
229,7.23E+08,1.59E+08,7.21E-04,3.49E+27,1.00E+06,1.05E+11,7.78E+00,4.62E-01,2.06E-15,r,4.5
230,7.22E+08,1.62E+08,7.37E-04,3.49E+27,1.01E+06,1.08E+11,7.94E+00,4.61E-01,2.24E-15,r,4.5
231,7.22E+08,1.66E+08,7.54E-04,3.49E+27,1.02E+06,1.11E+11,8.10E+00,4.59E-01,2.43E-15,r,4.5
232,7.21E+08,1.69E+08,7.71E-04,3.49E+27,1.02E+06,1.14E+11,8.27E+00,4.58E-01,2.64E-15,r,4.5
233,7.20E+08,1.73E+08,7.88E-04,3.49E+27,1.03E+06,1.17E+11,8.44E+00,4.57E-01,2.86E-15,r,4.5
234,7.19E+08,1.77E+08,8.05E-04,3.49E+27,1.03E+06,1.20E+11,8.62E+00,4.55E-01,3.10E-15,r,4.5
235,7.18E+08,1.80E+08,8.23E-04,3.49E+27,1.04E+06,1.23E+11,8.79E+00,4.54E-01,3.36E-15,r,4.5
236,7.17E+08,1.84E+08,8.41E-04,3.49E+27,1.05E+06,1.26E+11,8.97E+00,4.52E-01,3.64E-15,r,4.5
237,7.16E+08,1.88E+08,8.59E-04,3.49E+27,1.05E+06,1.29E+11,9.16E+00,4.51E-01,3.94E-15,r,4.5
238,7.15E+08,1.92E+08,8.78E-04,3.49E+27,1.06E+06,1.33E+11,9.34E+00,4.50E-01,4.27E-15,r,4.5
239,7.14E+08,1.96E+08,8.97E-04,3.49E+27,1.06E+06,1.36E+11,9.53E+00,4.48E-01,4.62E-15,r,4.5
240,7.13E+08,2.00E+08,9.16E-04,3.49E+27,1.07E+06,1.40E+11,9.72E+00,4.47E-01,5.00E-15,r,4.5
241,7.12E+08,2.04E+08,9.35E-04,3.49E+27,1.08E+06,1.43E+11,9.92E+00,4.46E-01,5.40E-15,r,4.5
242,7.11E+08,2.08E+08,9.55E-04,3.49E+27,1.08E+06,1.47E+11,1.01E+01,4.44E-01,5.84E-15,r,4.5
243,7.10E+08,2.12E+08,9.76E-04,3.49E+27,1.09E+06,1.51E+11,1.03E+01,4.43E-01,6.31E-15,r,4.5
244,7.09E+08,2.17E+08,9.96E-04,3.49E+27,1.09E+06,1.55E+11,1.05E+01,4.42E-01,6.81E-15,r,4.5
245,7.08E+08,2.21E+08,1.02E-03,3.49E+27,1.10E+06,1.59E+11,1.07E+01,4.40E-01,7.36E-15,r,4.5
246,7.07E+08,2.26E+08,1.04E-03,3.49E+27,1.11E+06,1.63E+11,1.10E+01,4.39E-01,7.94E-15,r,4.5
247,7.07E+08,2.30E+08,1.06E-03,3.49E+27,1.11E+06,1.67E+11,1.12E+01,4.38E-01,8.57E-15,r,4.5
248,7.06E+08,2.35E+08,1.08E-03,3.49E+27,1.12E+06,1.71E+11,1.14E+01,4.36E-01,9.25E-15,r,4.5
249,7.05E+08,2.39E+08,1.11E-03,3.49E+27,1.13E+06,1.75E+11,1.16E+01,4.35E-01,9.97E-15,r,4.5
250,7.04E+08,2.44E+08,1.13E-03,3.49E+27,1.13E+06,1.80E+11,1.18E+01,4.34E-01,1.08E-14,r,4.5
251,7.03E+08,2.49E+08,1.15E-03,3.49E+27,1.14E+06,1.84E+11,1.21E+01,4.33E-01,1.16E-14,r,4.5
252,7.02E+08,2.54E+08,1.18E-03,3.49E+27,1.14E+06,1.89E+11,1.23E+01,4.31E-01,1.25E-14,r,4.5
253,7.01E+08,2.59E+08,1.20E-03,3.49E+27,1.15E+06,1.94E+11,1.25E+01,4.30E-01,1.35E-14,r,4.5
254,7.00E+08,2.64E+08,1.22E-03,3.49E+27,1.16E+06,1.98E+11,1.28E+01,4.29E-01,1.45E-14,r,4.5
255,6.99E+08,2.69E+08,1.25E-03,3.49E+27,1.16E+06,2.03E+11,1.30E+01,4.28E-01,1.56E-14,r,4.5
256,6.98E+08,2.75E+08,1.27E-03,3.49E+27,1.17E+06,2.08E+11,1.33E+01,4.26E-01,1.68E-14,r,4.5
257,6.97E+08,2.80E+08,1.30E-03,3.49E+27,1.18E+06,2.13E+11,1.35E+01,4.25E-01,1.80E-14,r,4.5
258,6.96E+08,2.85E+08,1.33E-03,3.49E+27,1.18E+06,2.19E+11,1.38E+01,4.24E-01,1.94E-14,r,4.5
259,6.95E+08,2.91E+08,1.35E-03,3.49E+27,1.19E+06,2.24E+11,1.41E+01,4.23E-01,2.09E-14,r,4.5
260,6.94E+08,2.96E+08,1.38E-03,3.49E+27,1.19E+06,2.30E+11,1.43E+01,4.21E-01,2.24E-14,r,4.5
261,6.93E+08,3.02E+08,1.41E-03,3.49E+27,1.20E+06,2.35E+11,1.46E+01,4.20E-01,2.41E-14,r,4.5
262,6.92E+08,3.08E+08,1.43E-03,3.49E+27,1.21E+06,2.41E+11,1.49E+01,4.19E-01,2.59E-14,r,4.5
263,6.92E+08,3.14E+08,1.46E-03,3.49E+27,1.21E+06,2.47E+11,1.52E+01,4.18E-01,2.78E-14,r,4.5
264,6.91E+08,3.20E+08,1.49E-03,3.49E+27,1.22E+06,2.53E+11,1.55E+01,4.17E-01,2.98E-14,r,4.5
265,6.90E+08,3.26E+08,1.52E-03,3.49E+27,1.23E+06,2.59E+11,1.57E+01,4.16E-01,3.20E-14,r,4.5
266,6.89E+08,3.32E+08,1.55E-03,3.49E+27,1.23E+06,2.65E+11,1.60E+01,4.14E-01,3.44E-14,r,4.5
267,6.88E+08,3.38E+08,1.58E-03,3.49E+27,1.24E+06,2.72E+11,1.63E+01,4.13E-01,3.69E-14,r,4.5
268,6.87E+08,3.45E+08,1.61E-03,3.49E+27,1.25E+06,2.78E+11,1.66E+01,4.12E-01,3.95E-14,r,4.5
269,6.86E+08,3.51E+08,1.64E-03,3.49E+27,1.25E+06,2.85E+11,1.70E+01,4.11E-01,4.24E-14,r,4.5
270,6.85E+08,3.58E+08,1.67E-03,3.49E+27,1.26E+06,2.92E+11,1.73E+01,4.10E-01,4.54E-14,r,4.5
271,6.84E+08,3.64E+08,1.71E-03,3.49E+27,1.27E+06,2.99E+11,1.76E+01,4.09E-01,4.87E-14,r,4.5
272,6.83E+08,3.71E+08,1.74E-03,3.49E+27,1.27E+06,3.06E+11,1.79E+01,4.08E-01,5.21E-14,r,4.5
273,6.82E+08,3.78E+08,1.77E-03,3.49E+27,1.28E+06,3.13E+11,1.82E+01,4.06E-01,5.58E-14,r,4.5
274,6.81E+08,3.85E+08,1.81E-03,3.49E+27,1.28E+06,3.20E+11,1.86E+01,4.05E-01,5.98E-14,r,4.5
275,6.80E+08,3.92E+08,1.84E-03,3.49E+27,1.29E+06,3.28E+11,1.89E+01,4.04E-01,6.40E-14,r,4.5
276,6.79E+08,3.99E+08,1.87E-03,3.49E+27,1.30E+06,3.36E+11,1.93E+01,4.03E-01,6.85E-14,r,4.5
277,6.78E+08,4.07E+08,1.91E-03,3.49E+27,1.30E+06,3.43E+11,1.96E+01,4.02E-01,7.33E-14,r,4.5
278,6.77E+08,4.14E+08,1.95E-03,3.49E+27,1.31E+06,3.51E+11,2.00E+01,4.01E-01,7.84E-14,r,4.5
279,6.77E+08,4.22E+08,1.98E-03,3.49E+27,1.32E+06,3.60E+11,2.03E+01,4.00E-01,8.38E-14,r,4.5
280,6.76E+08,4.29E+08,2.02E-03,3.49E+27,1.32E+06,3.68E+11,2.07E+01,3.99E-01,8.96E-14,r,4.5
281,6.75E+08,4.37E+08,2.06E-03,3.49E+27,1.33E+06,3.77E+11,2.11E+01,3.98E-01,9.58E-14,r,4.5
282,6.74E+08,4.45E+08,2.09E-03,3.49E+27,1.34E+06,3.85E+11,2.15E+01,3.97E-01,1.02E-13,r,4.5
283,6.73E+08,4.53E+08,2.13E-03,3.49E+27,1.35E+06,3.94E+11,2.19E+01,3.96E-01,1.09E-13,r,4.5
284,6.72E+08,4.61E+08,2.17E-03,3.49E+27,1.35E+06,4.03E+11,2.22E+01,3.95E-01,1.17E-13,r,4.5
285,6.71E+08,4.70E+08,2.21E-03,3.49E+27,1.36E+06,4.13E+11,2.26E+01,3.93E-01,1.25E-13,r,4.5
286,6.70E+08,4.78E+08,2.25E-03,3.49E+27,1.37E+06,4.22E+11,2.30E+01,3.92E-01,1.33E-13,r,4.5
287,6.69E+08,4.87E+08,2.29E-03,3.49E+27,1.37E+06,4.32E+11,2.35E+01,3.91E-01,1.42E-13,r,4.5
288,6.68E+08,4.95E+08,2.33E-03,3.49E+27,1.38E+06,4.42E+11,2.39E+01,3.90E-01,1.52E-13,r,4.5
289,6.67E+08,5.04E+08,2.38E-03,3.49E+27,1.39E+06,4.52E+11,2.43E+01,3.89E-01,1.62E-13,r,4.5
290,6.66E+08,5.13E+08,2.42E-03,3.49E+27,1.39E+06,4.62E+11,2.47E+01,3.88E-01,1.73E-13,r,4.5
291,6.65E+08,5.22E+08,2.46E-03,3.49E+27,1.40E+06,4.73E+11,2.52E+01,3.87E-01,1.84E-13,r,4.5
292,6.64E+08,5.31E+08,2.51E-03,3.49E+27,1.41E+06,4.83E+11,2.56E+01,3.86E-01,1.96E-13,r,4.5
293,6.63E+08,5.41E+08,2.55E-03,3.49E+27,1.41E+06,4.94E+11,2.61E+01,3.85E-01,2.09E-13,r,4.5
294,6.62E+08,5.50E+08,2.60E-03,3.49E+27,1.42E+06,5.05E+11,2.65E+01,3.84E-01,2.23E-13,r,4.5
295,6.62E+08,5.60E+08,2.64E-03,3.49E+27,1.43E+06,5.17E+11,2.70E+01,3.83E-01,2.38E-13,r,4.5
296,6.61E+08,5.69E+08,2.69E-03,3.49E+27,1.44E+06,5.28E+11,2.75E+01,3.82E-01,2.53E-13,r,4.5
297,6.60E+08,5.79E+08,2.74E-03,3.49E+27,1.44E+06,5.40E+11,2.79E+01,3.81E-01,2.70E-13,r,4.5
298,6.59E+08,5.89E+08,2.79E-03,3.49E+27,1.45E+06,5.52E+11,2.84E+01,3.80E-01,2.87E-13,r,4.5
299,6.58E+08,6.00E+08,2.84E-03,3.49E+27,1.46E+06,5.65E+11,2.89E+01,3.79E-01,3.06E-13,r,4.5
300,6.57E+08,6.10E+08,2.88E-03,3.49E+27,1.46E+06,5.77E+11,2.94E+01,3.78E-01,3.25E-13,r,4.5
301,6.56E+08,6.20E+08,2.94E-03,3.49E+27,1.47E+06,5.90E+11,2.99E+01,3.77E-01,3.46E-13,r,4.5
302,6.55E+08,6.31E+08,2.99E-03,3.49E+27,1.48E+06,6.03E+11,3.04E+01,3.76E-01,3.68E-13,r,4.5
303,6.54E+08,6.42E+08,3.04E-03,3.49E+27,1.48E+06,6.17E+11,3.10E+01,3.76E-01,3.92E-13,r,4.5
304,6.53E+08,6.53E+08,3.09E-03,3.49E+27,1.49E+06,6.30E+11,3.15E+01,3.75E-01,4.17E-13,r,4.5
305,6.52E+08,6.64E+08,3.14E-03,3.49E+27,1.50E+06,6.44E+11,3.20E+01,3.74E-01,4.43E-13,r,4.5
306,6.51E+08,6.75E+08,3.20E-03,3.49E+27,1.51E+06,6.58E+11,3.26E+01,3.73E-01,4.71E-13,r,4.5
307,6.50E+08,6.87E+08,3.25E-03,3.49E+27,1.51E+06,6.73E+11,3.31E+01,3.72E-01,5.00E-13,r,4.5
308,6.49E+08,6.98E+08,3.31E-03,3.49E+27,1.52E+06,6.88E+11,3.37E+01,3.71E-01,5.32E-13,r,4.5
309,6.48E+08,7.10E+08,3.36E-03,3.49E+27,1.53E+06,7.03E+11,3.43E+01,3.70E-01,5.65E-13,r,4.5
310,6.47E+08,7.22E+08,3.42E-03,3.49E+27,1.54E+06,7.18E+11,3.49E+01,3.69E-01,6.00E-13,r,4.5
311,6.47E+08,7.34E+08,3.48E-03,3.49E+27,1.54E+06,7.34E+11,3.55E+01,3.68E-01,6.38E-13,r,4.5
312,6.46E+08,7.47E+08,3.54E-03,3.49E+27,1.55E+06,7.50E+11,3.61E+01,3.67E-01,6.77E-13,r,4.5
313,6.45E+08,7.59E+08,3.60E-03,3.49E+27,1.56E+06,7.66E+11,3.67E+01,3.66E-01,7.19E-13,r,4.5
314,6.44E+08,7.72E+08,3.66E-03,3.49E+27,1.57E+06,7.83E+11,3.73E+01,3.65E-01,7.63E-13,r,4.5
315,6.43E+08,7.85E+08,3.72E-03,3.49E+27,1.57E+06,7.99E+11,3.79E+01,3.64E-01,8.10E-13,r,4.5
316,6.42E+08,7.98E+08,3.78E-03,3.49E+27,1.58E+06,8.17E+11,3.85E+01,3.64E-01,8.59E-13,r,4.5
317,6.41E+08,8.11E+08,3.84E-03,3.49E+27,1.59E+06,8.34E+11,3.92E+01,3.63E-01,9.12E-13,r,4.5
318,6.40E+08,8.24E+08,3.91E-03,3.49E+27,1.59E+06,8.52E+11,3.98E+01,3.62E-01,9.67E-13,r,4.5
319,6.39E+08,8.38E+08,3.97E-03,3.49E+27,1.60E+06,8.71E+11,4.05E+01,3.61E-01,1.03E-12,r,4.5
320,6.38E+08,8.52E+08,4.04E-03,3.49E+27,1.61E+06,8.89E+11,4.12E+01,3.60E-01,1.09E-12,r,4.5
321,6.37E+08,8.66E+08,4.10E-03,3.49E+27,1.62E+06,9.08E+11,4.19E+01,3.59E-01,1.15E-12,r,4.5
322,6.36E+08,8.80E+08,4.17E-03,3.49E+27,1.63E+06,9.28E+11,4.26E+01,3.58E-01,1.22E-12,r,4.5
323,6.35E+08,8.94E+08,4.24E-03,3.49E+27,1.63E+06,9.47E+11,4.33E+01,3.57E-01,1.30E-12,r,4.5
324,6.34E+08,9.09E+08,4.31E-03,3.49E+27,1.64E+06,9.68E+11,4.40E+01,3.56E-01,1.37E-12,r,4.5
325,6.33E+08,9.24E+08,4.38E-03,3.49E+27,1.65E+06,9.88E+11,4.47E+01,3.56E-01,1.45E-12,r,4.5
326,6.32E+08,9.39E+08,4.45E-03,3.49E+27,1.66E+06,1.01E+12,4.55E+01,3.55E-01,1.54E-12,r,4.5
327,6.32E+08,9.54E+08,4.52E-03,3.49E+27,1.66E+06,1.03E+12,4.62E+01,3.54E-01,1.63E-12,r,4.5
328,6.31E+08,9.69E+08,4.60E-03,3.49E+27,1.67E+06,1.05E+12,4.70E+01,3.53E-01,1.73E-12,r,4.5
329,6.30E+08,9.85E+08,4.67E-03,3.49E+27,1.68E+06,1.08E+12,4.77E+01,3.52E-01,1.83E-12,r,4.5
330,6.29E+08,1.00E+09,4.74E-03,3.49E+27,1.69E+06,1.10E+12,4.85E+01,3.51E-01,1.94E-12,r,4.5
331,6.28E+08,1.02E+09,4.82E-03,3.49E+27,1.69E+06,1.12E+12,4.93E+01,3.50E-01,2.05E-12,r,4.5
332,6.27E+08,1.03E+09,4.90E-03,3.49E+27,1.70E+06,1.14E+12,5.01E+01,3.50E-01,2.17E-12,r,4.5
333,6.26E+08,1.05E+09,4.97E-03,3.49E+27,1.71E+06,1.17E+12,5.09E+01,3.49E-01,2.30E-12,r,4.5
334,6.25E+08,1.07E+09,5.05E-03,3.49E+27,1.72E+06,1.19E+12,5.18E+01,3.48E-01,2.43E-12,r,4.5
335,6.24E+08,1.08E+09,5.13E-03,3.49E+27,1.73E+06,1.22E+12,5.26E+01,3.47E-01,2.57E-12,r,4.5
336,6.23E+08,1.10E+09,5.22E-03,3.49E+27,1.73E+06,1.24E+12,5.34E+01,3.46E-01,2.72E-12,r,4.5
337,6.22E+08,1.12E+09,5.30E-03,3.49E+27,1.74E+06,1.27E+12,5.43E+01,3.46E-01,2.87E-12,r,4.5
338,6.21E+08,1.14E+09,5.38E-03,3.49E+27,1.75E+06,1.30E+12,5.52E+01,3.45E-01,3.04E-12,r,4.5
339,6.20E+08,1.15E+09,5.46E-03,3.49E+27,1.76E+06,1.32E+12,5.61E+01,3.44E-01,3.21E-12,r,4.5
340,6.19E+08,1.17E+09,5.55E-03,3.49E+27,1.77E+06,1.35E+12,5.70E+01,3.43E-01,3.39E-12,r,4.5
341,6.18E+08,1.19E+09,5.64E-03,3.49E+27,1.77E+06,1.38E+12,5.79E+01,3.42E-01,3.59E-12,r,4.5
342,6.17E+08,1.21E+09,5.72E-03,3.49E+27,1.78E+06,1.41E+12,5.88E+01,3.41E-01,3.79E-12,r,4.5
343,6.17E+08,1.23E+09,5.81E-03,3.49E+27,1.79E+06,1.43E+12,5.98E+01,3.41E-01,4.00E-12,r,4.5
344,6.16E+08,1.25E+09,5.90E-03,3.49E+27,1.80E+06,1.46E+12,6.07E+01,3.40E-01,4.23E-12,r,4.5
345,6.15E+08,1.27E+09,5.99E-03,3.49E+27,1.81E+06,1.49E+12,6.17E+01,3.39E-01,4.46E-12,r,4.5
346,6.14E+08,1.29E+09,6.09E-03,3.49E+27,1.81E+06,1.53E+12,6.27E+01,3.38E-01,4.72E-12,r,4.5
347,6.13E+08,1.31E+09,6.18E-03,3.49E+27,1.82E+06,1.56E+12,6.37E+01,3.38E-01,4.98E-12,r,4.5
348,6.12E+08,1.33E+09,6.27E-03,3.49E+27,1.83E+06,1.59E+12,6.47E+01,3.37E-01,5.26E-12,r,4.5
349,6.11E+08,1.35E+09,6.37E-03,3.49E+27,1.84E+06,1.62E+12,6.57E+01,3.36E-01,5.55E-12,r,4.5
350,6.10E+08,1.37E+09,6.47E-03,3.49E+27,1.85E+06,1.65E+12,6.68E+01,3.35E-01,5.86E-12,r,4.5
351,6.09E+08,1.39E+09,6.57E-03,3.49E+27,1.85E+06,1.69E+12,6.78E+01,3.34E-01,6.18E-12,r,4.5
352,6.08E+08,1.41E+09,6.67E-03,3.49E+27,1.86E+06,1.72E+12,6.89E+01,3.34E-01,6.52E-12,r,4.5
353,6.07E+08,1.43E+09,6.77E-03,3.49E+27,1.87E+06,1.76E+12,7.00E+01,3.33E-01,6.88E-12,r,4.5
354,6.06E+08,1.45E+09,6.87E-03,3.49E+27,1.88E+06,1.79E+12,7.11E+01,3.32E-01,7.26E-12,r,4.5
355,6.05E+08,1.48E+09,6.97E-03,3.49E+27,1.89E+06,1.83E+12,7.22E+01,3.31E-01,7.65E-12,r,4.5
356,6.04E+08,1.50E+09,7.08E-03,3.49E+27,1.90E+06,1.87E+12,7.33E+01,3.31E-01,8.07E-12,r,4.5
357,6.03E+08,1.52E+09,7.18E-03,3.49E+27,1.91E+06,1.90E+12,7.45E+01,3.30E-01,8.51E-12,r,4.5
358,6.03E+08,1.55E+09,7.29E-03,3.49E+27,1.91E+06,1.94E+12,7.56E+01,3.29E-01,8.97E-12,r,4.5
359,6.02E+08,1.57E+09,7.40E-03,3.49E+27,1.92E+06,1.98E+12,7.68E+01,3.28E-01,9.46E-12,r,4.5
360,6.01E+08,1.59E+09,7.51E-03,3.49E+27,1.93E+06,2.02E+12,7.80E+01,3.28E-01,9.97E-12,r,4.5
361,6.00E+08,1.62E+09,7.62E-03,3.49E+27,1.94E+06,2.06E+12,7.92E+01,3.27E-01,1.05E-11,r,4.5
362,5.99E+08,1.64E+09,7.73E-03,3.49E+27,1.95E+06,2.10E+12,8.05E+01,3.26E-01,1.11E-11,r,4.5
363,5.98E+08,1.67E+09,7.85E-03,3.49E+27,1.96E+06,2.14E+12,8.17E+01,3.25E-01,1.17E-11,r,4.5
364,5.97E+08,1.69E+09,7.96E-03,3.49E+27,1.96E+06,2.19E+12,8.30E+01,3.25E-01,1.23E-11,r,4.5
365,5.96E+08,1.72E+09,8.08E-03,3.49E+27,1.97E+06,2.23E+12,8.43E+01,3.24E-01,1.29E-11,r,4.5
366,5.95E+08,1.74E+09,8.20E-03,3.49E+27,1.98E+06,2.28E+12,8.56E+01,3.23E-01,1.36E-11,r,4.5
367,5.94E+08,1.77E+09,8.32E-03,3.49E+27,1.99E+06,2.32E+12,8.69E+01,3.22E-01,1.44E-11,r,4.5
368,5.93E+08,1.79E+09,8.44E-03,3.49E+27,2.00E+06,2.37E+12,8.83E+01,3.22E-01,1.51E-11,r,4.5
369,5.92E+08,1.82E+09,8.56E-03,3.49E+27,2.01E+06,2.41E+12,8.96E+01,3.21E-01,1.59E-11,r,4.5
370,5.91E+08,1.85E+09,8.69E-03,3.49E+27,2.02E+06,2.46E+12,9.10E+01,3.20E-01,1.68E-11,r,4.5
371,5.90E+08,1.88E+09,8.81E-03,3.49E+27,2.03E+06,2.51E+12,9.24E+01,3.20E-01,1.76E-11,r,4.5
372,5.89E+08,1.90E+09,8.94E-03,3.49E+27,2.03E+06,2.56E+12,9.38E+01,3.19E-01,1.86E-11,r,4.5
373,5.88E+08,1.93E+09,9.07E-03,3.49E+27,2.04E+06,2.61E+12,9.53E+01,3.18E-01,1.95E-11,r,4.5
374,5.88E+08,1.96E+09,9.20E-03,3.49E+27,2.05E+06,2.66E+12,9.67E+01,3.17E-01,2.05E-11,r,4.5
375,5.87E+08,1.99E+09,9.33E-03,3.49E+27,2.06E+06,2.71E+12,9.82E+01,3.17E-01,2.16E-11,r,4.5
376,5.86E+08,2.02E+09,9.46E-03,3.49E+27,2.07E+06,2.77E+12,9.97E+01,3.16E-01,2.27E-11,r,4.5
377,5.85E+08,2.05E+09,9.60E-03,3.49E+27,2.08E+06,2.82E+12,1.01E+02,3.15E-01,2.39E-11,r,4.5
378,5.84E+08,2.08E+09,9.74E-03,3.49E+27,2.09E+06,2.88E+12,1.03E+02,3.15E-01,2.52E-11,r,4.5
379,5.83E+08,2.11E+09,9.88E-03,3.49E+27,2.10E+06,2.93E+12,1.04E+02,3.14E-01,2.65E-11,r,4.5
380,5.82E+08,2.14E+09,1.00E-02,3.49E+27,2.11E+06,2.99E+12,1.06E+02,3.13E-01,2.78E-11,r,4.5
381,5.73E+08,2.47E+09,1.15E-02,3.49E+27,2.20E+06,3.64E+12,1.24E+02,3.06E-01,4.64E-11,r,4.5
382,5.63E+08,2.85E+09,1.31E-02,3.49E+27,2.30E+06,4.43E+12,1.44E+02,2.99E-01,7.63E-11,r,4.5
383,5.54E+08,3.28E+09,1.50E-02,3.49E+27,2.40E+06,5.38E+12,1.67E+02,2.93E-01,1.24E-10,r,4.5
384,5.44E+08,3.77E+09,1.70E-02,3.49E+27,2.50E+06,6.52E+12,1.94E+02,2.86E-01,2.01E-10,r,4.5
385,5.35E+08,4.33E+09,1.94E-02,3.49E+27,2.61E+06,7.88E+12,2.25E+02,2.80E-01,3.21E-10,r,4.5
386,5.26E+08,4.96E+09,2.20E-02,3.49E+27,2.73E+06,9.51E+12,2.60E+02,2.74E-01,5.08E-10,r,4.4
387,5.16E+08,5.67E+09,2.48E-02,3.49E+27,2.84E+06,1.15E+13,3.01E+02,2.69E-01,7.99E-10,r,4.4
388,5.07E+08,6.48E+09,2.81E-02,3.49E+27,2.96E+06,1.38E+13,3.47E+02,2.63E-01,1.25E-09,r,4.4
389,4.98E+08,7.39E+09,3.16E-02,3.49E+27,3.09E+06,1.66E+13,4.01E+02,2.58E-01,1.93E-09,r,4.4
390,4.88E+08,8.42E+09,3.56E-02,3.49E+27,3.22E+06,1.99E+13,4.62E+02,2.52E-01,2.97E-09,r,4.4
391,4.79E+08,9.58E+09,4.00E-02,3.49E+27,3.35E+06,2.39E+13,5.31E+02,2.47E-01,4.54E-09,r,4.4
392,4.69E+08,1.09E+10,4.49E-02,3.49E+27,3.49E+06,2.86E+13,6.11E+02,2.42E-01,6.89E-09,r,4.4
393,4.60E+08,1.24E+10,5.02E-02,3.49E+27,3.63E+06,3.42E+13,7.02E+02,2.37E-01,1.04E-08,r,4.4
394,4.51E+08,1.40E+10,5.61E-02,3.49E+27,3.78E+06,4.09E+13,8.06E+02,2.32E-01,1.56E-08,r,4.4
395,4.41E+08,1.59E+10,6.26E-02,3.49E+27,3.94E+06,4.89E+13,9.25E+02,2.27E-01,2.34E-08,r,4.4
396,4.32E+08,1.80E+10,6.98E-02,3.49E+27,4.10E+06,5.83E+13,1.06E+03,2.22E-01,3.47E-08,r,4.4
397,4.23E+08,2.03E+10,7.76E-02,3.49E+27,4.27E+06,6.96E+13,1.22E+03,2.18E-01,5.14E-08,r,4.4
398,4.13E+08,2.29E+10,8.62E-02,3.49E+27,4.44E+06,8.29E+13,1.39E+03,2.13E-01,7.57E-08,r,4.3
399,4.04E+08,2.59E+10,9.55E-02,3.49E+27,4.63E+06,9.88E+13,1.59E+03,2.09E-01,1.11E-07,r,4.3
400,3.95E+08,2.92E+10,1.06E-01,3.49E+27,4.82E+06,1.18E+14,1.82E+03,2.04E-01,1.62E-07,r,4.3
401,3.85E+08,3.29E+10,1.17E-01,3.49E+27,5.01E+06,1.40E+14,2.08E+03,2.00E-01,2.36E-07,r,4.3
402,3.76E+08,3.70E+10,1.29E-01,3.49E+27,5.22E+06,1.67E+14,2.38E+03,1.95E-01,3.42E-07,r,4.3
403,3.66E+08,4.16E+10,1.42E-01,3.49E+27,5.43E+06,1.98E+14,2.72E+03,1.91E-01,4.93E-07,r,4.3
404,3.57E+08,4.68E+10,1.56E-01,3.49E+27,5.66E+06,2.35E+14,3.10E+03,1.87E-01,7.08E-07,r,4.3
405,3.48E+08,5.25E+10,1.72E-01,3.49E+27,5.89E+06,2.79E+14,3.54E+03,1.82E-01,1.01E-06,r,4.2
406,3.38E+08,5.89E+10,1.88E-01,3.49E+27,6.13E+06,3.31E+14,4.03E+03,1.78E-01,1.45E-06,r,4.2
407,3.29E+08,6.60E+10,2.06E-01,3.49E+27,6.39E+06,3.92E+14,4.58E+03,1.74E-01,2.06E-06,r,4.2
408,3.20E+08,7.39E+10,2.25E-01,3.49E+27,6.65E+06,4.65E+14,5.21E+03,1.70E-01,2.91E-06,r,4.2
409,3.10E+08,8.26E+10,2.46E-01,3.49E+27,6.92E+06,5.50E+14,5.92E+03,1.65E-01,4.10E-06,r,4.1
410,3.01E+08,9.23E+10,2.68E-01,3.49E+27,7.21E+06,6.50E+14,6.72E+03,1.61E-01,5.76E-06,r,4.1
411,2.91E+08,1.03E+11,2.91E-01,3.49E+27,7.51E+06,7.67E+14,7.62E+03,1.57E-01,8.05E-06,r,4.1
412,2.82E+08,1.15E+11,3.15E-01,3.49E+27,7.82E+06,9.04E+14,8.62E+03,1.53E-01,1.12E-05,r,4
413,2.73E+08,1.28E+11,3.41E-01,3.49E+27,8.15E+06,1.06E+15,9.74E+03,1.49E-01,1.55E-05,r,4
414,2.63E+08,1.42E+11,3.69E-01,3.49E+27,8.49E+06,1.25E+15,1.10E+04,1.44E-01,2.15E-05,r,3.9
415,2.54E+08,1.57E+11,3.97E-01,3.49E+27,8.84E+06,1.47E+15,1.24E+04,1.40E-01,2.95E-05,r,3.9
416,2.45E+08,1.74E+11,4.27E-01,3.48E+27,9.21E+06,1.72E+15,1.39E+04,1.36E-01,4.03E-05,r,3.9
417,2.35E+08,1.93E+11,4.58E-01,3.48E+27,9.59E+06,2.01E+15,1.56E+04,1.32E-01,5.49E-05,r,3.8
418,2.26E+08,2.13E+11,4.90E-01,3.47E+27,9.99E+06,2.34E+15,1.75E+04,1.27E-01,7.43E-05,r,3.7
419,2.16E+08,2.35E+11,5.22E-01,3.47E+27,1.04E+07,2.72E+15,1.95E+04,1.23E-01,1.00E-04,r,3.7
420,2.07E+08,2.58E+11,5.56E-01,3.45E+27,1.08E+07,3.15E+15,2.17E+04,1.19E-01,1.34E-04,r,3.6
421,1.98E+08,2.83E+11,5.89E-01,3.44E+27,1.13E+07,3.64E+15,2.41E+04,1.15E-01,1.79E-04,r,3.5
422,1.88E+08,3.09E+11,6.23E-01,3.42E+27,1.18E+07,4.19E+15,2.66E+04,1.10E-01,2.37E-04,r,3.5
423,1.79E+08,3.38E+11,6.56E-01,3.39E+27,1.22E+07,4.81E+15,2.93E+04,1.06E-01,3.13E-04,r,3.4
424,1.70E+08,3.68E+11,6.89E-01,3.35E+27,1.27E+07,5.50E+15,3.22E+04,1.02E-01,4.11E-04,r,3.3
425,1.60E+08,3.99E+11,7.21E-01,3.31E+27,1.33E+07,6.26E+15,3.52E+04,9.81E-02,5.38E-04,r,3.2
426,1.51E+08,4.32E+11,7.52E-01,3.25E+27,1.38E+07,7.11E+15,3.84E+04,9.41E-02,7.02E-04,r,3.2
427,1.42E+08,4.67E+11,7.82E-01,3.18E+27,1.44E+07,8.04E+15,4.18E+04,9.03E-02,9.16E-04,r,3.1
428,1.32E+08,5.03E+11,8.10E-01,3.09E+27,1.50E+07,9.06E+15,4.52E+04,8.65E-02,1.20E-03,r,3
429,1.23E+08,5.40E+11,8.36E-01,2.99E+27,1.56E+07,1.02E+16,4.88E+04,8.29E-02,1.58E-03,r,2.9
430,1.13E+08,5.79E+11,8.59E-01,2.86E+27,1.62E+07,1.14E+16,5.25E+04,7.94E-02,2.10E-03,r,2.9
431,1.04E+08,6.18E+11,8.80E-01,2.71E+27,1.68E+07,1.27E+16,5.64E+04,7.61E-02,2.87E-03,r,2.8
432,9.46E+07,6.59E+11,8.99E-01,2.52E+27,1.75E+07,1.42E+16,6.05E+04,7.30E-02,4.06E-03,r,2.8
433,8.53E+07,7.01E+11,9.15E-01,2.28E+27,1.82E+07,1.59E+16,6.49E+04,7.01E-02,6.04E-03,r,2.8
434,7.59E+07,7.45E+11,9.29E-01,1.98E+27,1.90E+07,1.78E+16,7.00E+04,6.75E-02,9.57E-03,r,2.9
435,6.65E+07,7.90E+11,9.40E-01,1.57E+27,1.98E+07,2.02E+16,7.61E+04,6.54E-02,1.62E-02,r,3.1
436,5.72E+07,8.39E+11,9.48E-01,1.01E+27,2.05E+07,2.32E+16,8.44E+04,6.43E-02,2.86E-02,r,3.8
437,4.78E+07,8.94E+11,9.55E-01,2.71E+26,2.10E+07,2.76E+16,9.79E+04,6.55E-02,4.79E-02,r,6.5
438,3.84E+07,9.56E+11,9.60E-01,-8.24E+26,2.16E+07,3.53E+16,1.14E+05,6.00E-02,2.29E-01,r,2.6
439,2.91E+07,1.13E+12,9.63E-01,-2.63E+27,2.24E+07,5.48E+16,2.16E+05,1.43E-01,1.85E-02,c,-2.2
440,1.97E+07,1.56E+12,9.67E-01,-2.63E+29,-3.59E+06,2.29E+17,7.29E+05,8.20E-02,1.69E+02,r,4.2
441,0.00E+00,4.07E+13,9.67E-01,-2.63E+29,1.79E+07,7.34E+17,3.06E+06,1.28E+00,-2.70E+00,c,0.3
