0,2.12E+09,0.00E+00,0.00E+00,2.84E+28,0.00E+00,0.00E+00,0.00E+00,0.00E+00,0.00E+00,r,99.9
1,2.12E+09,8.80E-03,3.55E-14,2.84E+28,2.84E+03,7.41E-02,1.52E-09,5.46E+00,1.906-112,r,1
2,2.12E+09,1.84E-02,6.03E-14,2.84E+28,7.67E+03,2.47E-01,2.50E-09,2.83E-01,2.89E-83,c,1.2
3,2.12E+09,2.53E-02,1.58E-13,2.84E+28,1.01E+04,9.29E-01,8.43E-09,6.92E-01,9.91E-83,r,99.9
4,2.12E+09,3.22E-02,4.07E-13,2.84E+28,1.01E+04,2.67E+00,4.09E-09,1.74E-01,1.45E-76,r,99.9
5,2.11E+09,3.33E-02,4.65E-13,2.84E+28,1.01E+04,3.08E+00,2.22E-09,1.20E-01,7.86E-77,r,99.9
6,2.11E+09,3.70E-02,5.92E-13,2.84E+28,1.01E+04,3.97E+00,1.01E-08,3.23E-01,3.67E-76,r,99.9
7,2.11E+09,6.66E-02,1.02E-12,2.84E+28,1.02E+04,7.03E+00,3.24E-08,7.58E-01,1.39E-75,r,99.9
8,2.11E+09,2.74E-01,2.40E-12,2.84E+28,1.04E+04,1.68E+01,1.01E-07,1.69E+00,1.48E-74,r,35.1
9,2.11E+09,1.19E+00,6.34E-12,2.84E+28,1.15E+04,4.49E+01,2.69E-07,2.58E+00,6.11E-72,r,9.2
10,2.10E+09,3.51E+00,1.56E-11,2.84E+28,1.35E+04,1.11E+02,5.74E-07,2.61E+00,4.58E-68,r,5
11,2.10E+09,7.88E+00,3.40E-11,2.84E+28,1.58E+04,2.44E+02,1.07E-06,2.44E+00,1.36E-64,r,4.3
12,2.10E+09,1.51E+01,6.68E-11,2.84E+28,1.83E+04,4.80E+02,1.84E-06,2.28E+00,1.06E-61,r,4.2
13,2.10E+09,2.62E+01,1.21E-10,2.84E+28,2.09E+04,8.71E+02,2.95E-06,2.13E+00,3.09E-59,r,4.3
14,2.09E+09,4.24E+01,2.04E-10,2.84E+28,2.34E+04,1.48E+03,4.48E-06,2.01E+00,4.10E-57,r,4.3
15,2.09E+09,6.51E+01,3.28E-10,2.84E+28,2.60E+04,2.39E+03,6.52E-06,1.90E+00,2.96E-55,r,4.4
16,2.09E+09,9.58E+01,5.05E-10,2.84E+28,2.86E+04,3.68E+03,9.18E-06,1.80E+00,1.30E-53,r,4.4
17,2.09E+09,1.36E+02,7.49E-10,2.84E+28,3.12E+04,5.49E+03,1.26E-05,1.71E+00,3.84E-52,r,4.4
18,2.09E+09,1.88E+02,1.08E-09,2.84E+28,3.38E+04,7.93E+03,1.68E-05,1.64E+00,8.12E-51,r,4.5
19,2.08E+09,2.54E+02,1.51E-09,2.84E+28,3.64E+04,1.12E+04,2.20E-05,1.57E+00,1.30E-49,r,4.5
20,2.08E+09,3.36E+02,2.08E-09,2.84E+28,3.90E+04,1.54E+04,2.83E-05,1.51E+00,1.64E-48,r,4.5
21,2.08E+09,4.36E+02,2.79E-09,2.84E+28,4.17E+04,2.07E+04,3.58E-05,1.45E+00,1.69E-47,r,4.5
22,2.08E+09,5.58E+02,3.69E-09,2.84E+28,4.43E+04,2.75E+04,4.47E-05,1.40E+00,1.45E-46,r,4.5
23,2.08E+09,7.03E+02,4.81E-09,2.84E+28,4.70E+04,3.59E+04,5.51E-05,1.35E+00,1.07E-45,r,4.5
24,2.07E+09,8.76E+02,6.17E-09,2.84E+28,4.96E+04,4.62E+04,6.73E-05,1.31E+00,6.92E-45,r,4.5
25,2.07E+09,1.08E+03,7.82E-09,2.84E+28,5.23E+04,5.88E+04,8.13E-05,1.27E+00,3.96E-44,r,4.5
26,2.07E+09,1.32E+03,9.80E-09,2.84E+28,5.50E+04,7.39E+04,9.73E-05,1.23E+00,2.03E-43,r,4.5
27,2.07E+09,1.59E+03,1.22E-08,2.84E+28,5.77E+04,9.20E+04,1.16E-04,1.20E+00,9.48E-43,r,4.5
28,2.07E+09,1.91E+03,1.49E-08,2.84E+28,6.04E+04,1.14E+05,1.36E-04,1.17E+00,4.06E-42,r,4.5
29,2.06E+09,2.27E+03,1.82E-08,2.84E+28,6.31E+04,1.39E+05,1.60E-04,1.14E+00,1.61E-41,r,4.5
30,2.06E+09,2.68E+03,2.20E-08,2.84E+28,6.58E+04,1.68E+05,1.86E-04,1.11E+00,5.93E-41,r,4.6
31,2.06E+09,3.15E+03,2.64E-08,2.84E+28,6.85E+04,2.03E+05,2.15E-04,1.09E+00,2.05E-40,r,4.6
32,2.06E+09,3.67E+03,3.15E-08,2.84E+28,7.12E+04,2.42E+05,2.47E-04,1.06E+00,6.67E-40,r,4.6
33,2.05E+09,4.26E+03,3.73E-08,2.84E+28,7.40E+04,2.88E+05,2.83E-04,1.04E+00,2.06E-39,r,4.6
34,2.05E+09,4.92E+03,4.39E-08,2.84E+28,7.67E+04,3.40E+05,3.23E-04,1.02E+00,6.04E-39,r,4.6
35,2.05E+09,5.66E+03,5.14E-08,2.84E+28,7.95E+04,4.00E+05,3.66E-04,9.95E-01,1.69E-38,r,4.6
36,2.05E+09,6.47E+03,5.99E-08,2.84E+28,8.22E+04,4.67E+05,4.14E-04,9.76E-01,4.55E-38,r,4.6
37,2.05E+09,7.38E+03,6.94E-08,2.84E+28,8.50E+04,5.44E+05,4.67E-04,9.57E-01,1.17E-37,r,4.6
38,2.04E+09,8.37E+03,8.02E-08,2.84E+28,8.77E+04,6.30E+05,5.24E-04,9.39E-01,2.92E-37,r,4.6
39,2.04E+09,9.47E+03,9.21E-08,2.84E+28,9.05E+04,7.27E+05,5.86E-04,9.22E-01,7.02E-37,r,4.6
40,2.04E+09,1.07E+04,1.06E-07,2.84E+28,9.33E+04,8.35E+05,6.53E-04,9.06E-01,1.63E-36,r,4.6
41,2.04E+09,1.20E+04,1.20E-07,2.84E+28,9.61E+04,9.56E+05,7.26E-04,8.91E-01,3.69E-36,r,4.6
42,2.04E+09,1.34E+04,1.37E-07,2.84E+28,9.89E+04,1.09E+06,8.05E-04,8.76E-01,8.10E-36,r,4.6
43,2.03E+09,1.50E+04,1.55E-07,2.84E+28,1.02E+05,1.24E+06,8.91E-04,8.62E-01,1.73E-35,r,4.6
44,2.03E+09,1.67E+04,1.75E-07,2.84E+28,1.05E+05,1.41E+06,9.83E-04,8.48E-01,3.61E-35,r,4.6
45,2.03E+09,1.85E+04,1.97E-07,2.84E+28,1.07E+05,1.59E+06,1.08E-03,8.35E-01,7.36E-35,r,4.6
46,2.03E+09,2.05E+04,2.21E-07,2.84E+28,1.10E+05,1.79E+06,1.19E-03,8.23E-01,1.47E-34,r,4.6
47,2.02E+09,2.27E+04,2.48E-07,2.84E+28,1.13E+05,2.01E+06,1.30E-03,8.11E-01,2.86E-34,r,4.6
48,2.02E+09,2.50E+04,2.77E-07,2.84E+28,1.16E+05,2.25E+06,1.42E-03,7.99E-01,5.48E-34,r,4.6
49,2.02E+09,2.75E+04,3.08E-07,2.84E+28,1.19E+05,2.52E+06,1.55E-03,7.88E-01,1.03E-33,r,4.6
50,2.02E+09,3.02E+04,3.42E-07,2.84E+28,1.22E+05,2.81E+06,1.69E-03,7.77E-01,1.90E-33,r,4.6
51,2.02E+09,3.31E+04,3.80E-07,2.84E+28,1.24E+05,3.12E+06,1.84E-03,7.67E-01,3.44E-33,r,4.6
52,2.01E+09,3.62E+04,4.20E-07,2.84E+28,1.27E+05,3.46E+06,1.99E-03,7.56E-01,6.14E-33,r,4.6
53,2.01E+09,3.95E+04,4.63E-07,2.84E+28,1.30E+05,3.84E+06,2.16E-03,7.47E-01,1.08E-32,r,4.6
54,2.01E+09,4.30E+04,5.11E-07,2.84E+28,1.33E+05,4.24E+06,2.34E-03,7.37E-01,1.87E-32,r,4.6
55,2.01E+09,4.68E+04,5.61E-07,2.84E+28,1.36E+05,4.68E+06,2.53E-03,7.28E-01,3.19E-32,r,4.6
56,2.01E+09,5.08E+04,6.16E-07,2.84E+28,1.39E+05,5.16E+06,2.72E-03,7.19E-01,5.38E-32,r,4.6
57,2.00E+09,5.51E+04,6.75E-07,2.84E+28,1.42E+05,5.67E+06,2.94E-03,7.11E-01,8.96E-32,r,4.6
58,2.00E+09,5.97E+04,7.38E-07,2.84E+28,1.45E+05,6.22E+06,3.16E-03,7.02E-01,1.47E-31,r,4.6
59,2.00E+09,6.45E+04,8.06E-07,2.84E+28,1.48E+05,6.82E+06,3.39E-03,6.94E-01,2.39E-31,r,4.6
60,2.00E+09,6.97E+04,8.79E-07,2.84E+28,1.50E+05,7.46E+06,3.64E-03,6.87E-01,3.85E-31,r,4.6
61,2.00E+09,7.52E+04,9.57E-07,2.84E+28,1.53E+05,8.15E+06,3.90E-03,6.79E-01,6.12E-31,r,4.6
62,1.99E+09,8.09E+04,1.04E-06,2.84E+28,1.56E+05,8.89E+06,4.18E-03,6.72E-01,9.62E-31,r,4.6
63,1.99E+09,8.71E+04,1.13E-06,2.84E+28,1.59E+05,9.68E+06,4.46E-03,6.64E-01,1.50E-30,r,4.6
64,1.99E+09,9.35E+04,1.22E-06,2.84E+28,1.62E+05,1.05E+07,4.77E-03,6.57E-01,2.32E-30,r,4.6
65,1.99E+09,1.00E+05,1.32E-06,2.84E+28,1.65E+05,1.14E+07,5.09E-03,6.51E-01,3.54E-30,r,4.6
66,1.98E+09,1.08E+05,1.43E-06,2.84E+28,1.68E+05,1.24E+07,5.42E-03,6.44E-01,5.37E-30,r,4.6
67,1.98E+09,1.15E+05,1.55E-06,2.84E+28,1.71E+05,1.35E+07,5.78E-03,6.37E-01,8.08E-30,r,4.6
68,1.98E+09,1.23E+05,1.67E-06,2.84E+28,1.74E+05,1.46E+07,6.15E-03,6.31E-01,1.21E-29,r,4.6
69,1.98E+09,1.32E+05,1.80E-06,2.84E+28,1.77E+05,1.57E+07,6.53E-03,6.25E-01,1.78E-29,r,4.6
70,1.98E+09,1.41E+05,1.93E-06,2.84E+28,1.80E+05,1.70E+07,6.94E-03,6.19E-01,2.62E-29,r,4.6
71,1.97E+09,1.50E+05,2.08E-06,2.84E+28,1.83E+05,1.83E+07,7.36E-03,6.13E-01,3.82E-29,r,4.6
72,1.97E+09,1.60E+05,2.23E-06,2.84E+28,1.86E+05,1.97E+07,7.80E-03,6.07E-01,5.53E-29,r,4.6
73,1.97E+09,1.70E+05,2.39E-06,2.84E+28,1.89E+05,2.13E+07,8.27E-03,6.02E-01,7.95E-29,r,4.6
74,1.97E+09,1.81E+05,2.56E-06,2.84E+28,1.92E+05,2.28E+07,8.75E-03,5.96E-01,1.14E-28,r,4.6
75,1.97E+09,1.92E+05,2.74E-06,2.84E+28,1.95E+05,2.45E+07,9.25E-03,5.91E-01,1.61E-28,r,4.6
76,1.96E+09,2.04E+05,2.93E-06,2.84E+28,1.98E+05,2.63E+07,9.78E-03,5.86E-01,2.27E-28,r,4.6
77,1.96E+09,2.17E+05,3.13E-06,2.84E+28,2.01E+05,2.82E+07,1.03E-02,5.81E-01,3.19E-28,r,4.6
78,1.96E+09,2.30E+05,3.35E-06,2.84E+28,2.04E+05,3.03E+07,1.09E-02,5.76E-01,4.45E-28,r,4.6
79,1.96E+09,2.43E+05,3.57E-06,2.84E+28,2.07E+05,3.24E+07,1.15E-02,5.71E-01,6.17E-28,r,4.6
80,1.95E+09,2.57E+05,3.80E-06,2.84E+28,2.10E+05,3.46E+07,1.21E-02,5.66E-01,8.51E-28,r,4.6
81,1.95E+09,2.72E+05,4.05E-06,2.84E+28,2.13E+05,3.70E+07,1.28E-02,5.61E-01,1.17E-27,r,4.6
82,1.95E+09,2.88E+05,4.31E-06,2.84E+28,2.17E+05,3.95E+07,1.34E-02,5.57E-01,1.59E-27,r,4.6
83,1.95E+09,3.04E+05,4.58E-06,2.84E+28,2.20E+05,4.22E+07,1.41E-02,5.52E-01,2.16E-27,r,4.6
84,1.95E+09,3.21E+05,4.86E-06,2.84E+28,2.23E+05,4.49E+07,1.49E-02,5.48E-01,2.93E-27,r,4.6
85,1.94E+09,3.39E+05,5.16E-06,2.84E+28,2.26E+05,4.79E+07,1.56E-02,5.44E-01,3.94E-27,r,4.6
86,1.94E+09,3.57E+05,5.48E-06,2.84E+28,2.29E+05,5.10E+07,1.64E-02,5.39E-01,5.27E-27,r,4.6
87,1.94E+09,3.76E+05,5.80E-06,2.84E+28,2.32E+05,5.42E+07,1.72E-02,5.35E-01,7.03E-27,r,4.6
88,1.94E+09,3.96E+05,6.15E-06,2.84E+28,2.35E+05,5.76E+07,1.81E-02,5.31E-01,9.34E-27,r,4.6
89,1.94E+09,4.17E+05,6.51E-06,2.84E+28,2.38E+05,6.12E+07,1.89E-02,5.27E-01,1.24E-26,r,4.6
90,1.93E+09,4.39E+05,6.88E-06,2.84E+28,2.41E+05,6.50E+07,1.98E-02,5.23E-01,1.63E-26,r,4.6
91,1.93E+09,4.61E+05,7.28E-06,2.84E+28,2.45E+05,6.90E+07,2.08E-02,5.20E-01,2.13E-26,r,4.6
92,1.93E+09,4.84E+05,7.69E-06,2.84E+28,2.48E+05,7.31E+07,2.18E-02,5.16E-01,2.79E-26,r,4.6
93,1.93E+09,5.09E+05,8.12E-06,2.84E+28,2.51E+05,7.75E+07,2.28E-02,5.12E-01,3.63E-26,r,4.6
94,1.93E+09,5.34E+05,8.56E-06,2.84E+28,2.54E+05,8.21E+07,2.38E-02,5.08E-01,4.71E-26,r,4.6
95,1.92E+09,5.60E+05,9.03E-06,2.84E+28,2.57E+05,8.68E+07,2.49E-02,5.05E-01,6.09E-26,r,4.6
96,1.92E+09,5.87E+05,9.52E-06,2.84E+28,2.60E+05,9.19E+07,2.60E-02,5.01E-01,7.84E-26,r,4.6
97,1.92E+09,6.15E+05,1.00E-05,2.84E+28,2.64E+05,9.71E+07,2.72E-02,4.98E-01,1.01E-25,r,4.6
98,1.92E+09,6.45E+05,1.06E-05,2.84E+28,2.67E+05,1.03E+08,2.84E-02,4.94E-01,1.29E-25,r,4.6
99,1.91E+09,6.75E+05,1.11E-05,2.84E+28,2.70E+05,1.08E+08,2.96E-02,4.91E-01,1.64E-25,r,4.6
100,1.91E+09,7.06E+05,1.17E-05,2.84E+28,2.73E+05,1.14E+08,3.09E-02,4.88E-01,2.09E-25,r,4.6
101,1.91E+09,7.39E+05,1.23E-05,2.84E+28,2.76E+05,1.21E+08,3.22E-02,4.85E-01,2.65E-25,r,4.6
102,1.91E+09,7.73E+05,1.29E-05,2.84E+28,2.80E+05,1.27E+08,3.36E-02,4.81E-01,3.35E-25,r,4.6
103,1.91E+09,8.08E+05,1.35E-05,2.84E+28,2.83E+05,1.34E+08,3.50E-02,4.78E-01,4.22E-25,r,4.6
104,1.90E+09,8.44E+05,1.42E-05,2.84E+28,2.86E+05,1.41E+08,3.65E-02,4.75E-01,5.30E-25,r,4.6
105,1.90E+09,8.81E+05,1.49E-05,2.84E+28,2.89E+05,1.49E+08,3.80E-02,4.72E-01,6.64E-25,r,4.6
106,1.90E+09,9.20E+05,1.56E-05,2.84E+28,2.93E+05,1.57E+08,3.95E-02,4.69E-01,8.30E-25,r,4.6
107,1.90E+09,9.60E+05,1.64E-05,2.84E+28,2.96E+05,1.65E+08,4.11E-02,4.66E-01,1.04E-24,r,4.6
108,1.90E+09,1.00E+06,1.72E-05,2.84E+28,2.99E+05,1.73E+08,4.28E-02,4.63E-01,1.29E-24,r,4.6
109,1.89E+09,1.04E+06,1.80E-05,2.84E+28,3.02E+05,1.82E+08,4.45E-02,4.61E-01,1.60E-24,r,4.6
110,1.89E+09,1.09E+06,1.88E-05,2.84E+28,3.06E+05,1.91E+08,4.62E-02,4.58E-01,1.97E-24,r,4.6
111,1.89E+09,1.13E+06,1.97E-05,2.84E+28,3.09E+05,2.01E+08,4.80E-02,4.55E-01,2.44E-24,r,4.6
112,1.89E+09,1.18E+06,2.06E-05,2.84E+28,3.12E+05,2.11E+08,4.99E-02,4.52E-01,3.00E-24,r,4.6
113,1.88E+09,1.23E+06,2.15E-05,2.84E+28,3.16E+05,2.21E+08,5.18E-02,4.50E-01,3.68E-24,r,4.6
114,1.88E+09,1.28E+06,2.25E-05,2.84E+28,3.19E+05,2.32E+08,5.38E-02,4.47E-01,4.51E-24,r,4.6
115,1.88E+09,1.33E+06,2.35E-05,2.84E+28,3.22E+05,2.43E+08,5.58E-02,4.44E-01,5.52E-24,r,4.6
116,1.88E+09,1.39E+06,2.46E-05,2.84E+28,3.26E+05,2.55E+08,5.79E-02,4.42E-01,6.73E-24,r,4.6
117,1.88E+09,1.44E+06,2.56E-05,2.84E+28,3.29E+05,2.67E+08,6.00E-02,4.39E-01,8.20E-24,r,4.6
118,1.87E+09,1.50E+06,2.67E-05,2.84E+28,3.32E+05,2.80E+08,6.23E-02,4.37E-01,9.96E-24,r,4.6
119,1.87E+09,1.56E+06,2.79E-05,2.84E+28,3.36E+05,2.93E+08,6.45E-02,4.34E-01,1.21E-23,r,4.6
120,1.87E+09,1.62E+06,2.91E-05,2.84E+28,3.39E+05,3.07E+08,6.69E-02,4.32E-01,1.46E-23,r,4.6
121,1.87E+09,1.68E+06,3.03E-05,2.84E+28,3.42E+05,3.21E+08,6.93E-02,4.30E-01,1.77E-23,r,4.6
122,1.87E+09,1.74E+06,3.16E-05,2.84E+28,3.46E+05,3.36E+08,7.18E-02,4.27E-01,2.13E-23,r,4.6
123,1.86E+09,1.81E+06,3.29E-05,2.84E+28,3.49E+05,3.51E+08,7.43E-02,4.25E-01,2.56E-23,r,4.6
124,1.86E+09,1.88E+06,3.43E-05,2.84E+28,3.53E+05,3.67E+08,7.69E-02,4.23E-01,3.07E-23,r,4.6
125,1.86E+09,1.95E+06,3.57E-05,2.84E+28,3.56E+05,3.84E+08,7.96E-02,4.20E-01,3.68E-23,r,4.6
126,1.86E+09,2.02E+06,3.71E-05,2.84E+28,3.59E+05,4.01E+08,8.24E-02,4.18E-01,4.41E-23,r,4.6
127,1.86E+09,2.09E+06,3.86E-05,2.84E+28,3.63E+05,4.18E+08,8.52E-02,4.16E-01,5.26E-23,r,4.6
128,1.85E+09,2.17E+06,4.02E-05,2.84E+28,3.66E+05,4.37E+08,8.81E-02,4.14E-01,6.28E-23,r,4.6
129,1.85E+09,2.25E+06,4.18E-05,2.84E+28,3.70E+05,4.56E+08,9.11E-02,4.11E-01,7.47E-23,r,4.6
130,1.85E+09,2.33E+06,4.34E-05,2.84E+28,3.73E+05,4.75E+08,9.42E-02,4.09E-01,8.88E-23,r,4.6
131,1.85E+09,2.41E+06,4.51E-05,2.84E+28,3.77E+05,4.96E+08,9.73E-02,4.07E-01,1.05E-22,r,4.6
132,1.84E+09,2.50E+06,4.68E-05,2.84E+28,3.80E+05,5.17E+08,1.01E-01,4.05E-01,1.25E-22,r,4.6
133,1.84E+09,2.58E+06,4.86E-05,2.84E+28,3.84E+05,5.39E+08,1.04E-01,4.03E-01,1.48E-22,r,4.6
134,1.84E+09,2.67E+06,5.05E-05,2.84E+28,3.87E+05,5.62E+08,1.07E-01,4.01E-01,1.74E-22,r,4.6
135,1.84E+09,2.77E+06,5.24E-05,2.84E+28,3.91E+05,5.85E+08,1.11E-01,3.99E-01,2.05E-22,r,4.6
136,1.84E+09,2.86E+06,5.44E-05,2.84E+28,3.94E+05,6.09E+08,1.14E-01,3.97E-01,2.42E-22,r,4.6
137,1.83E+09,2.96E+06,5.64E-05,2.84E+28,3.98E+05,6.35E+08,1.18E-01,3.95E-01,2.84E-22,r,4.6
138,1.83E+09,3.06E+06,5.85E-05,2.84E+28,4.01E+05,6.61E+08,1.22E-01,3.93E-01,3.34E-22,r,4.6
139,1.83E+09,3.16E+06,6.06E-05,2.84E+28,4.05E+05,6.88E+08,1.26E-01,3.91E-01,3.91E-22,r,4.6
140,1.83E+09,3.27E+06,6.28E-05,2.84E+28,4.08E+05,7.15E+08,1.30E-01,3.89E-01,4.58E-22,r,4.6
141,1.83E+09,3.38E+06,6.51E-05,2.84E+28,4.12E+05,7.44E+08,1.34E-01,3.88E-01,5.35E-22,r,4.6
142,1.82E+09,3.49E+06,6.75E-05,2.84E+28,4.15E+05,7.74E+08,1.38E-01,3.86E-01,6.25E-22,r,4.6
143,1.82E+09,3.60E+06,6.99E-05,2.84E+28,4.19E+05,8.05E+08,1.42E-01,3.84E-01,7.29E-22,r,4.6
144,1.82E+09,3.72E+06,7.24E-05,2.84E+28,4.22E+05,8.36E+08,1.47E-01,3.82E-01,8.49E-22,r,4.6
145,1.82E+09,3.84E+06,7.49E-05,2.84E+28,4.26E+05,8.69E+08,1.51E-01,3.80E-01,9.87E-22,r,4.6
146,1.81E+09,3.96E+06,7.75E-05,2.84E+28,4.30E+05,9.03E+08,1.56E-01,3.79E-01,1.15E-21,r,4.6
147,1.81E+09,4.09E+06,8.02E-05,2.84E+28,4.33E+05,9.38E+08,1.60E-01,3.77E-01,1.33E-21,r,4.6
148,1.81E+09,4.22E+06,8.30E-05,2.84E+28,4.37E+05,9.74E+08,1.65E-01,3.75E-01,1.54E-21,r,4.6
149,1.81E+09,4.35E+06,8.58E-05,2.84E+28,4.40E+05,1.01E+09,1.70E-01,3.73E-01,1.78E-21,r,4.6
150,1.81E+09,4.49E+06,8.87E-05,2.84E+28,4.44E+05,1.05E+09,1.75E-01,3.72E-01,2.06E-21,r,4.6
151,1.80E+09,4.63E+06,9.17E-05,2.84E+28,4.48E+05,1.09E+09,1.80E-01,3.70E-01,2.38E-21,r,4.6
152,1.80E+09,4.77E+06,9.48E-05,2.84E+28,4.51E+05,1.13E+09,1.85E-01,3.68E-01,2.75E-21,r,4.6
153,1.80E+09,4.92E+06,9.80E-05,2.84E+28,4.55E+05,1.17E+09,1.91E-01,3.67E-01,3.16E-21,r,4.6
154,1.80E+09,5.07E+06,1.01E-04,2.84E+28,4.59E+05,1.22E+09,1.96E-01,3.65E-01,3.64E-21,r,4.6
155,1.80E+09,5.22E+06,1.05E-04,2.84E+28,4.62E+05,1.26E+09,2.02E-01,3.64E-01,4.18E-21,r,4.6
156,1.79E+09,5.38E+06,1.08E-04,2.84E+28,4.66E+05,1.31E+09,2.08E-01,3.62E-01,4.80E-21,r,4.6
157,1.79E+09,5.54E+06,1.12E-04,2.84E+28,4.70E+05,1.36E+09,2.14E-01,3.60E-01,5.51E-21,r,4.6
158,1.79E+09,5.71E+06,1.15E-04,2.84E+28,4.73E+05,1.40E+09,2.20E-01,3.59E-01,6.31E-21,r,4.6
159,1.79E+09,5.88E+06,1.19E-04,2.84E+28,4.77E+05,1.46E+09,2.26E-01,3.57E-01,7.22E-21,r,4.6
160,1.79E+09,6.05E+06,1.23E-04,2.84E+28,4.81E+05,1.51E+09,2.32E-01,3.56E-01,8.26E-21,r,4.6
161,1.78E+09,6.23E+06,1.26E-04,2.84E+28,4.84E+05,1.56E+09,2.39E-01,3.54E-01,9.44E-21,r,4.6
162,1.78E+09,6.41E+06,1.30E-04,2.84E+28,4.88E+05,1.62E+09,2.45E-01,3.53E-01,1.08E-20,r,4.6
163,1.78E+09,6.59E+06,1.35E-04,2.84E+28,4.92E+05,1.67E+09,2.52E-01,3.51E-01,1.23E-20,r,4.6
164,1.78E+09,6.78E+06,1.39E-04,2.84E+28,4.96E+05,1.73E+09,2.59E-01,3.50E-01,1.40E-20,r,4.6
165,1.77E+09,6.98E+06,1.43E-04,2.84E+28,4.99E+05,1.79E+09,2.66E-01,3.48E-01,1.59E-20,r,4.6
166,1.77E+09,7.18E+06,1.47E-04,2.84E+28,5.03E+05,1.86E+09,2.73E-01,3.47E-01,1.81E-20,r,4.6
167,1.77E+09,7.38E+06,1.52E-04,2.84E+28,5.07E+05,1.92E+09,2.81E-01,3.45E-01,2.06E-20,r,4.6
168,1.77E+09,7.59E+06,1.57E-04,2.84E+28,5.11E+05,1.99E+09,2.88E-01,3.44E-01,2.33E-20,r,4.6
169,1.77E+09,7.80E+06,1.61E-04,2.84E+28,5.14E+05,2.06E+09,2.96E-01,3.43E-01,2.65E-20,r,4.6
170,1.76E+09,8.02E+06,1.66E-04,2.84E+28,5.18E+05,2.13E+09,3.04E-01,3.41E-01,3.00E-20,r,4.6
171,1.76E+09,8.24E+06,1.71E-04,2.84E+28,5.22E+05,2.20E+09,3.12E-01,3.40E-01,3.39E-20,r,4.6
172,1.76E+09,8.47E+06,1.76E-04,2.84E+28,5.26E+05,2.27E+09,3.20E-01,3.39E-01,3.84E-20,r,4.6
173,1.76E+09,8.70E+06,1.81E-04,2.84E+28,5.30E+05,2.35E+09,3.28E-01,3.37E-01,4.34E-20,r,4.6
174,1.76E+09,8.94E+06,1.87E-04,2.84E+28,5.34E+05,2.43E+09,3.37E-01,3.36E-01,4.90E-20,r,4.6
175,1.75E+09,9.18E+06,1.92E-04,2.84E+28,5.37E+05,2.51E+09,3.46E-01,3.35E-01,5.53E-20,r,4.6
176,1.75E+09,9.43E+06,1.98E-04,2.84E+28,5.41E+05,2.59E+09,3.54E-01,3.33E-01,6.23E-20,r,4.6
177,1.75E+09,9.68E+06,2.03E-04,2.84E+28,5.45E+05,2.68E+09,3.64E-01,3.32E-01,7.02E-20,r,4.6
178,1.75E+09,9.94E+06,2.09E-04,2.84E+28,5.49E+05,2.76E+09,3.73E-01,3.31E-01,7.90E-20,r,4.6
179,1.74E+09,1.02E+07,2.15E-04,2.84E+28,5.53E+05,2.85E+09,3.82E-01,3.29E-01,8.88E-20,r,4.6
180,1.74E+09,1.05E+07,2.21E-04,2.84E+28,5.57E+05,2.95E+09,3.92E-01,3.28E-01,9.98E-20,r,4.6
181,1.74E+09,1.08E+07,2.27E-04,2.84E+28,5.61E+05,3.04E+09,4.02E-01,3.27E-01,1.12E-19,r,4.6
182,1.74E+09,1.10E+07,2.34E-04,2.84E+28,5.65E+05,3.14E+09,4.12E-01,3.26E-01,1.26E-19,r,4.6
183,1.74E+09,1.13E+07,2.40E-04,2.84E+28,5.69E+05,3.24E+09,4.22E-01,3.24E-01,1.41E-19,r,4.6
184,1.73E+09,1.16E+07,2.47E-04,2.84E+28,5.72E+05,3.34E+09,4.33E-01,3.23E-01,1.58E-19,r,4.6
185,1.73E+09,1.19E+07,2.54E-04,2.84E+28,5.76E+05,3.45E+09,4.43E-01,3.22E-01,1.77E-19,r,4.6
186,1.73E+09,1.22E+07,2.61E-04,2.84E+28,5.80E+05,3.56E+09,4.54E-01,3.21E-01,1.98E-19,r,4.6
187,1.73E+09,1.25E+07,2.68E-04,2.84E+28,5.84E+05,3.67E+09,4.66E-01,3.20E-01,2.21E-19,r,4.5
188,1.73E+09,1.29E+07,2.75E-04,2.84E+28,5.88E+05,3.79E+09,4.77E-01,3.18E-01,2.47E-19,r,4.5
189,1.72E+09,1.32E+07,2.83E-04,2.84E+28,5.92E+05,3.91E+09,4.88E-01,3.17E-01,2.76E-19,r,4.5
190,1.72E+09,1.35E+07,2.90E-04,2.84E+28,5.96E+05,4.03E+09,5.00E-01,3.16E-01,3.08E-19,r,4.5
191,1.72E+09,1.39E+07,2.98E-04,2.84E+28,6.00E+05,4.15E+09,5.12E-01,3.15E-01,3.44E-19,r,4.5
192,1.72E+09,1.42E+07,3.06E-04,2.84E+28,6.04E+05,4.28E+09,5.25E-01,3.14E-01,3.83E-19,r,4.5
193,1.72E+09,1.46E+07,3.14E-04,2.84E+28,6.08E+05,4.41E+09,5.37E-01,3.13E-01,4.27E-19,r,4.5
194,1.71E+09,1.49E+07,3.22E-04,2.84E+28,6.12E+05,4.55E+09,5.50E-01,3.12E-01,4.75E-19,r,4.5
195,1.71E+09,1.53E+07,3.31E-04,2.84E+28,6.16E+05,4.68E+09,5.63E-01,3.10E-01,5.28E-19,r,4.5
196,1.71E+09,1.57E+07,3.39E-04,2.84E+28,6.21E+05,4.83E+09,5.76E-01,3.09E-01,5.87E-19,r,4.5
197,1.71E+09,1.60E+07,3.48E-04,2.84E+28,6.25E+05,4.97E+09,5.90E-01,3.08E-01,6.53E-19,r,4.5
198,1.70E+09,1.64E+07,3.57E-04,2.84E+28,6.29E+05,5.12E+09,6.04E-01,3.07E-01,7.25E-19,r,4.5
199,1.70E+09,1.68E+07,3.66E-04,2.84E+28,6.33E+05,5.27E+09,6.18E-01,3.06E-01,8.04E-19,r,4.5
200,1.70E+09,1.72E+07,3.76E-04,2.84E+28,6.37E+05,5.43E+09,6.32E-01,3.05E-01,8.92E-19,r,4.5
201,1.70E+09,1.76E+07,3.85E-04,2.84E+28,6.41E+05,5.59E+09,6.47E-01,3.04E-01,9.88E-19,r,4.5
202,1.70E+09,1.81E+07,3.95E-04,2.84E+28,6.45E+05,5.76E+09,6.62E-01,3.03E-01,1.09E-18,r,4.5
203,1.69E+09,1.85E+07,4.05E-04,2.84E+28,6.49E+05,5.93E+09,6.77E-01,3.02E-01,1.21E-18,r,4.5
204,1.69E+09,1.89E+07,4.15E-04,2.84E+28,6.53E+05,6.10E+09,6.92E-01,3.01E-01,1.34E-18,r,4.5
205,1.69E+09,1.94E+07,4.25E-04,2.84E+28,6.58E+05,6.28E+09,7.08E-01,3.00E-01,1.48E-18,r,4.5
206,1.69E+09,1.98E+07,4.36E-04,2.84E+28,6.62E+05,6.46E+09,7.24E-01,2.99E-01,1.64E-18,r,4.5
207,1.69E+09,2.03E+07,4.47E-04,2.84E+28,6.66E+05,6.65E+09,7.40E-01,2.98E-01,1.81E-18,r,4.5
208,1.68E+09,2.08E+07,4.58E-04,2.84E+28,6.70E+05,6.84E+09,7.57E-01,2.97E-01,2.00E-18,r,4.5
209,1.68E+09,2.12E+07,4.69E-04,2.84E+28,6.74E+05,7.04E+09,7.74E-01,2.96E-01,2.21E-18,r,4.5
210,1.68E+09,2.17E+07,4.81E-04,2.84E+28,6.79E+05,7.24E+09,7.91E-01,2.95E-01,2.43E-18,r,4.5
211,1.68E+09,2.22E+07,4.92E-04,2.84E+28,6.83E+05,7.45E+09,8.09E-01,2.94E-01,2.68E-18,r,4.5
212,1.67E+09,2.27E+07,5.04E-04,2.84E+28,6.87E+05,7.66E+09,8.27E-01,2.93E-01,2.95E-18,r,4.5
213,1.67E+09,2.33E+07,5.16E-04,2.84E+28,6.91E+05,7.88E+09,8.45E-01,2.92E-01,3.25E-18,r,4.5
214,1.67E+09,2.38E+07,5.29E-04,2.84E+28,6.95E+05,8.10E+09,8.64E-01,2.91E-01,3.58E-18,r,4.5
215,1.67E+09,2.43E+07,5.41E-04,2.84E+28,7.00E+05,8.33E+09,8.83E-01,2.90E-01,3.94E-18,r,4.5
216,1.67E+09,2.49E+07,5.54E-04,2.84E+28,7.04E+05,8.56E+09,9.02E-01,2.89E-01,4.33E-18,r,4.5
217,1.66E+09,2.54E+07,5.67E-04,2.84E+28,7.08E+05,8.80E+09,9.22E-01,2.88E-01,4.76E-18,r,4.5
218,1.66E+09,2.60E+07,5.80E-04,2.84E+28,7.13E+05,9.05E+09,9.42E-01,2.87E-01,5.23E-18,r,4.5
219,1.66E+09,2.66E+07,5.94E-04,2.84E+28,7.17E+05,9.30E+09,9.62E-01,2.86E-01,5.74E-18,r,4.5
220,1.66E+09,2.72E+07,6.08E-04,2.84E+28,7.21E+05,9.56E+09,9.83E-01,2.85E-01,6.30E-18,r,4.5
221,1.66E+09,2.78E+07,6.22E-04,2.84E+28,7.26E+05,9.82E+09,1.00E+00,2.84E-01,6.91E-18,r,4.5
222,1.65E+09,2.84E+07,6.36E-04,2.84E+28,7.30E+05,1.01E+10,1.03E+00,2.83E-01,7.57E-18,r,4.5
223,1.65E+09,2.90E+07,6.51E-04,2.84E+28,7.34E+05,1.04E+10,1.05E+00,2.83E-01,8.30E-18,r,4.5
224,1.65E+09,2.96E+07,6.66E-04,2.84E+28,7.39E+05,1.07E+10,1.07E+00,2.82E-01,9.09E-18,r,4.5
225,1.65E+09,3.03E+07,6.81E-04,2.84E+28,7.43E+05,1.09E+10,1.09E+00,2.81E-01,9.95E-18,r,4.5
226,1.65E+09,3.09E+07,6.97E-04,2.84E+28,7.47E+05,1.12E+10,1.12E+00,2.80E-01,1.09E-17,r,4.5
227,1.64E+09,3.16E+07,7.13E-04,2.84E+28,7.52E+05,1.15E+10,1.14E+00,2.79E-01,1.19E-17,r,4.5
228,1.64E+09,3.23E+07,7.29E-04,2.84E+28,7.56E+05,1.19E+10,1.16E+00,2.78E-01,1.30E-17,r,4.5
229,1.64E+09,3.30E+07,7.45E-04,2.84E+28,7.61E+05,1.22E+10,1.19E+00,2.77E-01,1.42E-17,r,4.5
230,1.64E+09,3.37E+07,7.62E-04,2.84E+28,7.65E+05,1.25E+10,1.21E+00,2.76E-01,1.56E-17,r,4.5
231,1.63E+09,3.44E+07,7.79E-04,2.84E+28,7.70E+05,1.28E+10,1.24E+00,2.76E-01,1.70E-17,r,4.5
232,1.63E+09,3.51E+07,7.96E-04,2.84E+28,7.74E+05,1.32E+10,1.26E+00,2.75E-01,1.86E-17,r,4.5
233,1.63E+09,3.59E+07,8.13E-04,2.84E+28,7.78E+05,1.35E+10,1.29E+00,2.74E-01,2.02E-17,r,4.5
234,1.63E+09,3.66E+07,8.31E-04,2.84E+28,7.83E+05,1.39E+10,1.32E+00,2.73E-01,2.21E-17,r,4.5
235,1.63E+09,3.74E+07,8.49E-04,2.84E+28,7.87E+05,1.42E+10,1.34E+00,2.72E-01,2.41E-17,r,4.5
236,1.62E+09,3.82E+07,8.68E-04,2.84E+28,7.92E+05,1.46E+10,1.37E+00,2.71E-01,2.62E-17,r,4.5
237,1.62E+09,3.90E+07,8.87E-04,2.84E+28,7.96E+05,1.50E+10,1.40E+00,2.71E-01,2.86E-17,r,4.5
238,1.62E+09,3.98E+07,9.06E-04,2.84E+28,8.01E+05,1.54E+10,1.43E+00,2.70E-01,3.11E-17,r,4.5
239,1.62E+09,4.06E+07,9.26E-04,2.84E+28,8.06E+05,1.58E+10,1.45E+00,2.69E-01,3.39E-17,r,4.5
240,1.62E+09,4.14E+07,9.45E-04,2.84E+28,8.10E+05,1.62E+10,1.48E+00,2.68E-01,3.69E-17,r,4.5
241,1.61E+09,4.23E+07,9.66E-04,2.84E+28,8.15E+05,1.66E+10,1.51E+00,2.67E-01,4.01E-17,r,4.5
242,1.61E+09,4.32E+07,9.86E-04,2.84E+28,8.19E+05,1.71E+10,1.54E+00,2.67E-01,4.36E-17,r,4.5
243,1.61E+09,4.40E+07,1.01E-03,2.84E+28,8.24E+05,1.75E+10,1.58E+00,2.66E-01,4.74E-17,r,4.5
244,1.61E+09,4.49E+07,1.03E-03,2.84E+28,8.28E+05,1.79E+10,1.61E+00,2.65E-01,5.15E-17,r,4.5
245,1.60E+09,4.58E+07,1.05E-03,2.84E+28,8.33E+05,1.84E+10,1.64E+00,2.64E-01,5.60E-17,r,4.5
246,1.60E+09,4.68E+07,1.07E-03,2.84E+28,8.38E+05,1.89E+10,1.67E+00,2.63E-01,6.08E-17,r,4.5
247,1.60E+09,4.77E+07,1.10E-03,2.84E+28,8.42E+05,1.93E+10,1.70E+00,2.63E-01,6.60E-17,r,4.5
248,1.60E+09,4.87E+07,1.12E-03,2.84E+28,8.47E+05,1.98E+10,1.74E+00,2.62E-01,7.16E-17,r,4.5
249,1.60E+09,4.96E+07,1.14E-03,2.84E+28,8.52E+05,2.03E+10,1.77E+00,2.61E-01,7.76E-17,r,4.5
250,1.59E+09,5.06E+07,1.16E-03,2.84E+28,8.56E+05,2.08E+10,1.81E+00,2.60E-01,8.42E-17,r,4.5
251,1.59E+09,5.16E+07,1.19E-03,2.84E+28,8.61E+05,2.14E+10,1.84E+00,2.60E-01,9.12E-17,r,4.5
252,1.59E+09,5.27E+07,1.21E-03,2.84E+28,8.66E+05,2.19E+10,1.88E+00,2.59E-01,9.88E-17,r,4.5
253,1.59E+09,5.37E+07,1.24E-03,2.84E+28,8.70E+05,2.24E+10,1.91E+00,2.58E-01,1.07E-16,r,4.5
254,1.59E+09,5.48E+07,1.26E-03,2.84E+28,8.75E+05,2.30E+10,1.95E+00,2.57E-01,1.16E-16,r,4.5
255,1.58E+09,5.58E+07,1.29E-03,2.84E+28,8.80E+05,2.36E+10,1.99E+00,2.57E-01,1.26E-16,r,4.5
256,1.58E+09,5.69E+07,1.31E-03,2.84E+28,8.85E+05,2.42E+10,2.03E+00,2.56E-01,1.36E-16,r,4.5
257,1.58E+09,5.80E+07,1.34E-03,2.84E+28,8.89E+05,2.48E+10,2.07E+00,2.55E-01,1.47E-16,r,4.5
258,1.58E+09,5.92E+07,1.37E-03,2.84E+28,8.94E+05,2.54E+10,2.11E+00,2.54E-01,1.59E-16,r,4.5
259,1.58E+09,6.03E+07,1.40E-03,2.84E+28,8.99E+05,2.60E+10,2.15E+00,2.54E-01,1.72E-16,r,4.5
260,1.57E+09,6.15E+07,1.42E-03,2.84E+28,9.04E+05,2.66E+10,2.19E+00,2.53E-01,1.86E-16,r,4.5
261,1.57E+09,6.27E+07,1.45E-03,2.84E+28,9.09E+05,2.73E+10,2.23E+00,2.52E-01,2.01E-16,r,4.5
262,1.57E+09,6.39E+07,1.48E-03,2.84E+28,9.14E+05,2.79E+10,2.27E+00,2.52E-01,2.17E-16,r,4.5
263,1.57E+09,6.51E+07,1.51E-03,2.84E+28,9.18E+05,2.86E+10,2.31E+00,2.51E-01,2.34E-16,r,4.5
264,1.56E+09,6.63E+07,1.54E-03,2.84E+28,9.23E+05,2.93E+10,2.36E+00,2.50E-01,2.52E-16,r,4.5
265,1.56E+09,6.76E+07,1.57E-03,2.84E+28,9.28E+05,3.00E+10,2.40E+00,2.50E-01,2.72E-16,r,4.5
266,1.56E+09,6.89E+07,1.60E-03,2.84E+28,9.33E+05,3.07E+10,2.45E+00,2.49E-01,2.94E-16,r,4.5
267,1.56E+09,7.02E+07,1.63E-03,2.84E+28,9.38E+05,3.15E+10,2.49E+00,2.48E-01,3.17E-16,r,4.5
268,1.56E+09,7.15E+07,1.66E-03,2.84E+28,9.43E+05,3.22E+10,2.54E+00,2.47E-01,3.42E-16,r,4.5
269,1.55E+09,7.28E+07,1.69E-03,2.84E+28,9.48E+05,3.30E+10,2.59E+00,2.47E-01,3.68E-16,r,4.5
270,1.55E+09,7.42E+07,1.73E-03,2.84E+28,9.53E+05,3.38E+10,2.63E+00,2.46E-01,3.97E-16,r,4.5
271,1.55E+09,7.56E+07,1.76E-03,2.84E+28,9.58E+05,3.46E+10,2.68E+00,2.45E-01,4.27E-16,r,4.5
272,1.55E+09,7.70E+07,1.79E-03,2.84E+28,9.63E+05,3.54E+10,2.73E+00,2.45E-01,4.60E-16,r,4.5
273,1.55E+09,7.84E+07,1.83E-03,2.84E+28,9.68E+05,3.63E+10,2.78E+00,2.44E-01,4.96E-16,r,4.5
274,1.54E+09,7.99E+07,1.86E-03,2.84E+28,9.73E+05,3.71E+10,2.83E+00,2.43E-01,5.33E-16,r,4.5
275,1.54E+09,8.13E+07,1.90E-03,2.84E+28,9.78E+05,3.80E+10,2.89E+00,2.43E-01,5.74E-16,r,4.5
276,1.54E+09,8.28E+07,1.93E-03,2.84E+28,9.83E+05,3.89E+10,2.94E+00,2.42E-01,6.17E-16,r,4.5
277,1.54E+09,8.44E+07,1.97E-03,2.84E+28,9.88E+05,3.98E+10,2.99E+00,2.42E-01,6.64E-16,r,4.5
278,1.53E+09,8.59E+07,2.01E-03,2.84E+28,9.93E+05,4.07E+10,3.05E+00,2.41E-01,7.14E-16,r,4.5
279,1.53E+09,8.75E+07,2.04E-03,2.84E+28,9.98E+05,4.17E+10,3.10E+00,2.40E-01,7.67E-16,r,4.5
280,1.53E+09,8.91E+07,2.08E-03,2.84E+28,1.00E+06,4.27E+10,3.16E+00,2.40E-01,8.24E-16,r,4.5
281,1.53E+09,9.07E+07,2.12E-03,2.84E+28,1.01E+06,4.36E+10,3.21E+00,2.39E-01,8.86E-16,r,4.5
282,1.53E+09,9.23E+07,2.16E-03,2.84E+28,1.01E+06,4.47E+10,3.27E+00,2.38E-01,9.51E-16,r,4.5
283,1.52E+09,9.40E+07,2.20E-03,2.84E+28,1.02E+06,4.57E+10,3.33E+00,2.38E-01,1.02E-15,r,4.5
284,1.52E+09,9.57E+07,2.24E-03,2.84E+28,1.02E+06,4.67E+10,3.39E+00,2.37E-01,1.10E-15,r,4.5
285,1.52E+09,9.74E+07,2.28E-03,2.84E+28,1.03E+06,4.78E+10,3.45E+00,2.36E-01,1.18E-15,r,4.5
286,1.52E+09,9.91E+07,2.32E-03,2.84E+28,1.03E+06,4.89E+10,3.51E+00,2.36E-01,1.26E-15,r,4.5
287,1.52E+09,1.01E+08,2.36E-03,2.84E+28,1.04E+06,5.00E+10,3.58E+00,2.35E-01,1.35E-15,r,4.5
288,1.51E+09,1.03E+08,2.41E-03,2.84E+28,1.04E+06,5.12E+10,3.64E+00,2.35E-01,1.45E-15,r,4.5
289,1.51E+09,1.05E+08,2.45E-03,2.84E+28,1.05E+06,5.23E+10,3.70E+00,2.34E-01,1.56E-15,r,4.5
290,1.51E+09,1.06E+08,2.49E-03,2.84E+28,1.06E+06,5.35E+10,3.77E+00,2.33E-01,1.67E-15,r,4.5
291,1.51E+09,1.08E+08,2.54E-03,2.84E+28,1.06E+06,5.48E+10,3.84E+00,2.33E-01,1.79E-15,r,4.5
292,1.51E+09,1.10E+08,2.59E-03,2.84E+28,1.07E+06,5.60E+10,3.90E+00,2.32E-01,1.92E-15,r,4.5
293,1.50E+09,1.12E+08,2.63E-03,2.84E+28,1.07E+06,5.73E+10,3.97E+00,2.32E-01,2.05E-15,r,4.5
294,1.50E+09,1.14E+08,2.68E-03,2.84E+28,1.08E+06,5.86E+10,4.04E+00,2.31E-01,2.20E-15,r,4.5
295,1.50E+09,1.16E+08,2.73E-03,2.84E+28,1.08E+06,5.99E+10,4.11E+00,2.30E-01,2.35E-15,r,4.5
296,1.50E+09,1.18E+08,2.77E-03,2.84E+28,1.09E+06,6.12E+10,4.18E+00,2.30E-01,2.52E-15,r,4.5
297,1.49E+09,1.20E+08,2.82E-03,2.84E+28,1.09E+06,6.26E+10,4.26E+00,2.29E-01,2.69E-15,r,4.5
298,1.49E+09,1.22E+08,2.87E-03,2.84E+28,1.10E+06,6.40E+10,4.33E+00,2.29E-01,2.88E-15,r,4.5
299,1.49E+09,1.24E+08,2.92E-03,2.84E+28,1.10E+06,6.54E+10,4.41E+00,2.28E-01,3.08E-15,r,4.5
300,1.49E+09,1.27E+08,2.97E-03,2.84E+28,1.11E+06,6.69E+10,4.48E+00,2.28E-01,3.30E-15,r,4.5
301,1.49E+09,1.29E+08,3.03E-03,2.84E+28,1.11E+06,6.84E+10,4.56E+00,2.27E-01,3.53E-15,r,4.5
302,1.48E+09,1.31E+08,3.08E-03,2.84E+28,1.12E+06,6.99E+10,4.64E+00,2.26E-01,3.77E-15,r,4.5
303,1.48E+09,1.33E+08,3.13E-03,2.84E+28,1.12E+06,7.14E+10,4.72E+00,2.26E-01,4.03E-15,r,4.5
304,1.48E+09,1.35E+08,3.19E-03,2.84E+28,1.13E+06,7.30E+10,4.80E+00,2.25E-01,4.30E-15,r,4.5
305,1.48E+09,1.38E+08,3.24E-03,2.84E+28,1.14E+06,7.46E+10,4.88E+00,2.25E-01,4.60E-15,r,4.5
306,1.48E+09,1.40E+08,3.30E-03,2.84E+28,1.14E+06,7.63E+10,4.97E+00,2.24E-01,4.91E-15,r,4.5
307,1.47E+09,1.43E+08,3.35E-03,2.84E+28,1.15E+06,7.79E+10,5.05E+00,2.24E-01,5.24E-15,r,4.5
308,1.47E+09,1.45E+08,3.41E-03,2.84E+28,1.15E+06,7.96E+10,5.14E+00,2.23E-01,5.60E-15,r,4.5
309,1.47E+09,1.47E+08,3.47E-03,2.84E+28,1.16E+06,8.14E+10,5.22E+00,2.22E-01,5.97E-15,r,4.5
310,1.47E+09,1.50E+08,3.53E-03,2.84E+28,1.16E+06,8.32E+10,5.31E+00,2.22E-01,6.37E-15,r,4.5
311,1.46E+09,1.52E+08,3.59E-03,2.84E+28,1.17E+06,8.50E+10,5.40E+00,2.21E-01,6.80E-15,r,4.5
312,1.46E+09,1.55E+08,3.65E-03,2.84E+28,1.17E+06,8.68E+10,5.49E+00,2.21E-01,7.25E-15,r,4.5
313,1.46E+09,1.58E+08,3.71E-03,2.84E+28,1.18E+06,8.87E+10,5.59E+00,2.20E-01,7.74E-15,r,4.5
314,1.46E+09,1.60E+08,3.77E-03,2.84E+28,1.19E+06,9.06E+10,5.68E+00,2.20E-01,8.25E-15,r,4.5
315,1.46E+09,1.63E+08,3.83E-03,2.84E+28,1.19E+06,9.26E+10,5.78E+00,2.19E-01,8.79E-15,r,4.5
316,1.45E+09,1.66E+08,3.90E-03,2.84E+28,1.20E+06,9.46E+10,5.87E+00,2.19E-01,9.37E-15,r,4.5
317,1.45E+09,1.68E+08,3.96E-03,2.84E+28,1.20E+06,9.66E+10,5.97E+00,2.18E-01,9.99E-15,r,4.5
318,1.45E+09,1.71E+08,4.03E-03,2.84E+28,1.21E+06,9.87E+10,6.07E+00,2.18E-01,1.06E-14,r,4.5
319,1.45E+09,1.74E+08,4.09E-03,2.84E+28,1.21E+06,1.01E+11,6.17E+00,2.17E-01,1.13E-14,r,4.5
320,1.45E+09,1.77E+08,4.16E-03,2.84E+28,1.22E+06,1.03E+11,6.28E+00,2.17E-01,1.21E-14,r,4.5
321,1.44E+09,1.80E+08,4.23E-03,2.84E+28,1.23E+06,1.05E+11,6.38E+00,2.16E-01,1.29E-14,r,4.5
322,1.44E+09,1.83E+08,4.30E-03,2.84E+28,1.23E+06,1.07E+11,6.49E+00,2.16E-01,1.37E-14,r,4.5
323,1.44E+09,1.86E+08,4.37E-03,2.84E+28,1.24E+06,1.10E+11,6.59E+00,2.15E-01,1.46E-14,r,4.5
324,1.44E+09,1.89E+08,4.44E-03,2.84E+28,1.24E+06,1.12E+11,6.70E+00,2.14E-01,1.55E-14,r,4.5
325,1.44E+09,1.92E+08,4.51E-03,2.84E+28,1.25E+06,1.14E+11,6.81E+00,2.14E-01,1.65E-14,r,4.5
326,1.43E+09,1.95E+08,4.58E-03,2.84E+28,1.25E+06,1.17E+11,6.93E+00,2.13E-01,1.76E-14,r,4.5
327,1.43E+09,1.98E+08,4.66E-03,2.84E+28,1.26E+06,1.19E+11,7.04E+00,2.13E-01,1.87E-14,r,4.5
328,1.43E+09,2.01E+08,4.73E-03,2.84E+28,1.27E+06,1.22E+11,7.16E+00,2.12E-01,1.99E-14,r,4.5
329,1.43E+09,2.04E+08,4.81E-03,2.84E+28,1.27E+06,1.24E+11,7.27E+00,2.12E-01,2.11E-14,r,4.5
330,1.42E+09,2.08E+08,4.89E-03,2.84E+28,1.28E+06,1.27E+11,7.39E+00,2.11E-01,2.24E-14,r,4.5
331,1.42E+09,2.11E+08,4.97E-03,2.84E+28,1.28E+06,1.30E+11,7.51E+00,2.11E-01,2.39E-14,r,4.5
332,1.42E+09,2.14E+08,5.04E-03,2.84E+28,1.29E+06,1.32E+11,7.63E+00,2.10E-01,2.54E-14,r,4.5
333,1.42E+09,2.18E+08,5.12E-03,2.84E+28,1.30E+06,1.35E+11,7.76E+00,2.10E-01,2.69E-14,r,4.5
334,1.42E+09,2.21E+08,5.21E-03,2.84E+28,1.30E+06,1.38E+11,7.89E+00,2.09E-01,2.86E-14,r,4.5
335,1.41E+09,2.25E+08,5.29E-03,2.84E+28,1.31E+06,1.41E+11,8.01E+00,2.09E-01,3.04E-14,r,4.5
336,1.41E+09,2.28E+08,5.37E-03,2.84E+28,1.31E+06,1.44E+11,8.14E+00,2.08E-01,3.23E-14,r,4.5
337,1.41E+09,2.32E+08,5.46E-03,2.84E+28,1.32E+06,1.47E+11,8.27E+00,2.08E-01,3.43E-14,r,4.5
338,1.41E+09,2.36E+08,5.54E-03,2.84E+28,1.33E+06,1.50E+11,8.41E+00,2.08E-01,3.64E-14,r,4.5
339,1.41E+09,2.39E+08,5.63E-03,2.84E+28,1.33E+06,1.53E+11,8.54E+00,2.07E-01,3.86E-14,r,4.5
340,1.40E+09,2.43E+08,5.72E-03,2.84E+28,1.34E+06,1.56E+11,8.68E+00,2.07E-01,4.10E-14,r,4.5
341,1.40E+09,2.47E+08,5.81E-03,2.84E+28,1.34E+06,1.59E+11,8.82E+00,2.06E-01,4.35E-14,r,4.5
342,1.40E+09,2.51E+08,5.90E-03,2.84E+28,1.35E+06,1.63E+11,8.96E+00,2.06E-01,4.62E-14,r,4.5
343,1.40E+09,2.55E+08,5.99E-03,2.84E+28,1.36E+06,1.66E+11,9.11E+00,2.05E-01,4.90E-14,r,4.5
344,1.39E+09,2.59E+08,6.08E-03,2.84E+28,1.36E+06,1.69E+11,9.25E+00,2.05E-01,5.19E-14,r,4.5
345,1.39E+09,2.63E+08,6.17E-03,2.84E+28,1.37E+06,1.73E+11,9.40E+00,2.04E-01,5.51E-14,r,4.5
346,1.39E+09,2.67E+08,6.27E-03,2.84E+28,1.37E+06,1.77E+11,9.55E+00,2.04E-01,5.84E-14,r,4.5
347,1.39E+09,2.71E+08,6.36E-03,2.84E+28,1.38E+06,1.80E+11,9.70E+00,2.03E-01,6.19E-14,r,4.5
348,1.39E+09,2.75E+08,6.46E-03,2.84E+28,1.39E+06,1.84E+11,9.85E+00,2.03E-01,6.56E-14,r,4.5
349,1.38E+09,2.80E+08,6.56E-03,2.84E+28,1.39E+06,1.88E+11,1.00E+01,2.02E-01,6.96E-14,r,4.5
350,1.38E+09,2.84E+08,6.66E-03,2.84E+28,1.40E+06,1.91E+11,1.02E+01,2.02E-01,7.37E-14,r,4.5
351,1.38E+09,2.88E+08,6.76E-03,2.84E+28,1.41E+06,1.95E+11,1.03E+01,2.01E-01,7.81E-14,r,4.5
352,1.38E+09,2.93E+08,6.86E-03,2.84E+28,1.41E+06,1.99E+11,1.05E+01,2.01E-01,8.27E-14,r,4.5
353,1.38E+09,2.97E+08,6.97E-03,2.84E+28,1.42E+06,2.03E+11,1.07E+01,2.00E-01,8.76E-14,r,4.5
354,1.37E+09,3.02E+08,7.07E-03,2.84E+28,1.42E+06,2.07E+11,1.08E+01,2.00E-01,9.28E-14,r,4.5
355,1.37E+09,3.07E+08,7.18E-03,2.84E+28,1.43E+06,2.12E+11,1.10E+01,2.00E-01,9.83E-14,r,4.5
356,1.37E+09,3.11E+08,7.29E-03,2.84E+28,1.44E+06,2.16E+11,1.12E+01,1.99E-01,1.04E-13,r,4.5
357,1.37E+09,3.16E+08,7.40E-03,2.84E+28,1.44E+06,2.20E+11,1.13E+01,1.99E-01,1.10E-13,r,4.5
358,1.36E+09,3.21E+08,7.51E-03,2.84E+28,1.45E+06,2.25E+11,1.15E+01,1.98E-01,1.17E-13,r,4.5
359,1.36E+09,3.26E+08,7.62E-03,2.84E+28,1.46E+06,2.29E+11,1.17E+01,1.98E-01,1.23E-13,r,4.5
360,1.36E+09,3.31E+08,7.73E-03,2.84E+28,1.46E+06,2.34E+11,1.19E+01,1.97E-01,1.31E-13,r,4.5
361,1.36E+09,3.36E+08,7.85E-03,2.84E+28,1.47E+06,2.38E+11,1.21E+01,1.97E-01,1.38E-13,r,4.5
362,1.36E+09,3.41E+08,7.96E-03,2.84E+28,1.48E+06,2.43E+11,1.23E+01,1.96E-01,1.46E-13,r,4.5
363,1.35E+09,3.46E+08,8.08E-03,2.84E+28,1.48E+06,2.48E+11,1.25E+01,1.96E-01,1.55E-13,r,4.5
364,1.35E+09,3.51E+08,8.20E-03,2.84E+28,1.49E+06,2.53E+11,1.26E+01,1.96E-01,1.63E-13,r,4.5
365,1.35E+09,3.56E+08,8.32E-03,2.84E+28,1.49E+06,2.58E+11,1.28E+01,1.95E-01,1.73E-13,r,4.5
366,1.35E+09,3.62E+08,8.44E-03,2.84E+28,1.50E+06,2.63E+11,1.30E+01,1.95E-01,1.83E-13,r,4.5
367,1.35E+09,3.67E+08,8.56E-03,2.84E+28,1.51E+06,2.68E+11,1.32E+01,1.94E-01,1.93E-13,r,4.5
368,1.34E+09,3.73E+08,8.69E-03,2.84E+28,1.51E+06,2.74E+11,1.34E+01,1.94E-01,2.04E-13,r,4.5
369,1.34E+09,3.78E+08,8.82E-03,2.84E+28,1.52E+06,2.79E+11,1.37E+01,1.93E-01,2.16E-13,r,4.5
370,1.34E+09,3.84E+08,8.94E-03,2.84E+28,1.53E+06,2.85E+11,1.39E+01,1.93E-01,2.28E-13,r,4.5
371,1.34E+09,3.89E+08,9.07E-03,2.84E+28,1.53E+06,2.90E+11,1.41E+01,1.93E-01,2.41E-13,r,4.5
372,1.34E+09,3.95E+08,9.20E-03,2.84E+28,1.54E+06,2.96E+11,1.43E+01,1.92E-01,2.54E-13,r,4.5
373,1.33E+09,4.01E+08,9.34E-03,2.84E+28,1.55E+06,3.02E+11,1.45E+01,1.92E-01,2.69E-13,r,4.5
374,1.33E+09,4.07E+08,9.47E-03,2.84E+28,1.55E+06,3.08E+11,1.47E+01,1.91E-01,2.84E-13,r,4.5
375,1.33E+09,4.13E+08,9.61E-03,2.84E+28,1.56E+06,3.14E+11,1.50E+01,1.91E-01,3.00E-13,r,4.5
376,1.33E+09,4.19E+08,9.74E-03,2.84E+28,1.57E+06,3.20E+11,1.52E+01,1.90E-01,3.16E-13,r,4.5
377,1.32E+09,4.25E+08,9.88E-03,2.84E+28,1.58E+06,3.26E+11,1.54E+01,1.90E-01,3.34E-13,r,4.5
378,1.32E+09,4.32E+08,1.00E-02,2.84E+28,1.58E+06,3.33E+11,1.57E+01,1.90E-01,3.53E-13,r,4.5
379,1.30E+09,4.99E+08,1.15E-02,2.84E+28,1.65E+06,4.06E+11,1.83E+01,1.85E-01,6.13E-13,r,4.5
380,1.28E+09,5.76E+08,1.31E-02,2.84E+28,1.73E+06,4.94E+11,2.13E+01,1.81E-01,1.05E-12,r,4.5
381,1.26E+09,6.63E+08,1.50E-02,2.84E+28,1.80E+06,5.99E+11,2.47E+01,1.77E-01,1.77E-12,r,4.5
382,1.24E+09,7.63E+08,1.71E-02,2.84E+28,1.88E+06,7.26E+11,2.87E+01,1.74E-01,2.96E-12,r,4.4
383,1.22E+09,8.75E+08,1.94E-02,2.84E+28,1.96E+06,8.78E+11,3.33E+01,1.70E-01,4.91E-12,r,4.4
384,1.20E+09,1.00E+09,2.20E-02,2.84E+28,2.05E+06,1.06E+12,3.85E+01,1.67E-01,8.06E-12,r,4.4
385,1.17E+09,1.15E+09,2.49E-02,2.84E+28,2.14E+06,1.28E+12,4.45E+01,1.63E-01,1.31E-11,r,4.4
386,1.15E+09,1.31E+09,2.82E-02,2.84E+28,2.23E+06,1.54E+12,5.14E+01,1.60E-01,2.11E-11,r,4.4
387,1.13E+09,1.50E+09,3.18E-02,2.84E+28,2.32E+06,1.85E+12,5.92E+01,1.57E-01,3.38E-11,r,4.4
388,1.11E+09,1.71E+09,3.58E-02,2.84E+28,2.42E+06,2.22E+12,6.82E+01,1.53E-01,5.37E-11,r,4.4
389,1.09E+09,1.94E+09,4.02E-02,2.84E+28,2.52E+06,2.66E+12,7.85E+01,1.50E-01,8.47E-11,r,4.4
390,1.07E+09,2.21E+09,4.51E-02,2.84E+28,2.62E+06,3.18E+12,9.03E+01,1.47E-01,1.33E-10,r,4.4
391,1.05E+09,2.51E+09,5.05E-02,2.84E+28,2.73E+06,3.81E+12,1.04E+02,1.44E-01,2.06E-10,r,4.4
392,1.03E+09,2.85E+09,5.64E-02,2.84E+28,2.85E+06,4.55E+12,1.19E+02,1.41E-01,3.19E-10,r,4.4
393,1.00E+09,3.23E+09,6.30E-02,2.84E+28,2.96E+06,5.44E+12,1.37E+02,1.39E-01,4.91E-10,r,4.4
394,9.83E+08,3.65E+09,7.01E-02,2.84E+28,3.08E+06,6.49E+12,1.57E+02,1.36E-01,7.51E-10,r,4.4
395,9.61E+08,4.13E+09,7.80E-02,2.84E+28,3.21E+06,7.74E+12,1.79E+02,1.33E-01,1.14E-09,r,4.3
396,9.40E+08,4.67E+09,8.66E-02,2.84E+28,3.34E+06,9.22E+12,2.05E+02,1.30E-01,1.73E-09,r,4.3
397,9.19E+08,5.27E+09,9.61E-02,2.84E+28,3.48E+06,1.10E+13,2.35E+02,1.28E-01,2.61E-09,r,4.3
398,8.98E+08,5.95E+09,1.06E-01,2.84E+28,3.62E+06,1.31E+13,2.69E+02,1.25E-01,3.91E-09,r,4.3
399,8.76E+08,6.70E+09,1.18E-01,2.84E+28,3.77E+06,1.56E+13,3.07E+02,1.22E-01,5.84E-09,r,4.3
400,8.55E+08,7.54E+09,1.30E-01,2.84E+28,3.93E+06,1.85E+13,3.50E+02,1.20E-01,8.67E-09,r,4.3
401,8.34E+08,8.49E+09,1.43E-01,2.84E+28,4.09E+06,2.20E+13,4.00E+02,1.17E-01,1.28E-08,r,4.2
402,8.13E+08,9.54E+09,1.57E-01,2.84E+28,4.26E+06,2.61E+13,4.56E+02,1.15E-01,1.89E-08,r,4.2
403,7.92E+08,1.07E+10,1.73E-01,2.84E+28,4.43E+06,3.09E+13,5.19E+02,1.12E-01,2.77E-08,r,4.2
404,7.70E+08,1.20E+10,1.89E-01,2.84E+28,4.62E+06,3.66E+13,5.91E+02,1.10E-01,4.05E-08,r,4.2
405,7.49E+08,1.35E+10,2.07E-01,2.84E+28,4.81E+06,4.34E+13,6.72E+02,1.07E-01,5.89E-08,r,4.2
406,7.28E+08,1.51E+10,2.26E-01,2.84E+28,5.00E+06,5.13E+13,7.63E+02,1.05E-01,8.54E-08,r,4.1
407,7.07E+08,1.69E+10,2.47E-01,2.84E+28,5.21E+06,6.06E+13,8.66E+02,1.03E-01,1.23E-07,r,4.1
408,6.85E+08,1.89E+10,2.68E-01,2.84E+28,5.43E+06,7.16E+13,9.82E+02,1.00E-01,1.77E-07,r,4.1
409,6.64E+08,2.11E+10,2.92E-01,2.84E+28,5.65E+06,8.44E+13,1.11E+03,9.77E-02,2.53E-07,r,4
410,6.43E+08,2.35E+10,3.16E-01,2.84E+28,5.89E+06,9.93E+13,1.26E+03,9.53E-02,3.60E-07,r,4
411,6.22E+08,2.62E+10,3.42E-01,2.84E+28,6.14E+06,1.17E+14,1.42E+03,9.29E-02,5.10E-07,r,3.9
412,6.01E+08,2.91E+10,3.69E-01,2.84E+28,6.39E+06,1.37E+14,1.60E+03,9.05E-02,7.19E-07,r,3.9
413,5.79E+08,3.23E+10,3.98E-01,2.84E+28,6.66E+06,1.61E+14,1.80E+03,8.81E-02,1.01E-06,r,3.8
414,5.58E+08,3.58E+10,4.27E-01,2.84E+28,6.94E+06,1.88E+14,2.01E+03,8.57E-02,1.41E-06,r,3.8
415,5.37E+08,3.96E+10,4.58E-01,2.84E+28,7.23E+06,2.19E+14,2.25E+03,8.33E-02,1.95E-06,r,3.7
416,5.16E+08,4.38E+10,4.90E-01,2.84E+28,7.53E+06,2.55E+14,2.52E+03,8.09E-02,2.69E-06,r,3.7
417,4.94E+08,4.83E+10,5.22E-01,2.84E+28,7.85E+06,2.95E+14,2.80E+03,7.86E-02,3.70E-06,r,3.6
418,4.73E+08,5.31E+10,5.55E-01,2.84E+28,8.18E+06,3.42E+14,3.11E+03,7.62E-02,5.05E-06,r,3.5
419,4.52E+08,5.83E+10,5.88E-01,2.84E+28,8.52E+06,3.94E+14,3.44E+03,7.39E-02,6.85E-06,r,3.5
420,4.31E+08,6.39E+10,6.21E-01,2.84E+28,8.88E+06,4.53E+14,3.80E+03,7.15E-02,9.23E-06,r,3.4
421,4.10E+08,6.99E+10,6.54E-01,2.84E+28,9.25E+06,5.19E+14,4.17E+03,6.92E-02,1.24E-05,r,3.3
422,3.88E+08,7.62E+10,6.86E-01,2.84E+28,9.65E+06,5.92E+14,4.57E+03,6.70E-02,1.65E-05,r,3.2
423,3.67E+08,8.28E+10,7.18E-01,2.84E+28,1.01E+07,6.74E+14,4.98E+03,6.47E-02,2.18E-05,r,3.1
424,3.46E+08,8.99E+10,7.48E-01,2.84E+28,1.05E+07,7.63E+14,5.42E+03,6.25E-02,2.88E-05,r,3
425,3.25E+08,9.72E+10,7.77E-01,2.84E+28,1.09E+07,8.62E+14,5.86E+03,6.03E-02,3.78E-05,r,2.9
426,3.04E+08,1.05E+11,8.04E-01,2.84E+28,1.14E+07,9.70E+14,6.32E+03,5.82E-02,4.94E-05,r,2.8
427,2.82E+08,1.13E+11,8.29E-01,2.84E+28,1.19E+07,1.09E+15,6.78E+03,5.61E-02,6.44E-05,r,2.7
428,2.61E+08,1.21E+11,8.52E-01,2.84E+28,1.25E+07,1.22E+15,7.26E+03,5.41E-02,8.40E-05,r,2.5
429,2.40E+08,1.29E+11,8.73E-01,2.84E+28,1.30E+07,1.36E+15,7.75E+03,5.21E-02,1.10E-04,c,2.4
430,2.19E+08,1.38E+11,8.91E-01,2.83E+28,1.36E+07,1.52E+15,8.26E+03,5.02E-02,1.44E-04,c,2.3
431,1.97E+08,1.47E+11,9.06E-01,2.83E+28,1.43E+07,1.70E+15,8.80E+03,4.85E-02,1.92E-04,c,2.2
432,1.76E+08,1.56E+11,9.19E-01,2.83E+28,1.50E+07,1.91E+15,9.39E+03,4.68E-02,2.62E-04,c,2.1
433,1.55E+08,1.66E+11,9.30E-01,2.83E+28,1.59E+07,2.17E+15,1.01E+04,4.52E-02,3.75E-04,c,2.1
434,1.34E+08,1.76E+11,9.38E-01,2.83E+28,1.69E+07,2.51E+15,1.09E+04,4.36E-02,5.94E-04,c,2.1
435,1.13E+08,1.86E+11,9.44E-01,2.83E+28,1.82E+07,2.99E+15,1.21E+04,4.21E-02,1.16E-03,c,2.2
436,9.13E+07,1.97E+11,9.48E-01,2.82E+28,2.00E+07,3.78E+15,1.39E+04,4.06E-02,3.63E-03,c,2.3
437,7.00E+07,2.11E+11,9.51E-01,2.81E+28,2.30E+07,5.44E+15,1.74E+04,3.92E-02,2.77E-02,r,2.7
438,4.88E+07,2.29E+11,9.53E-01,2.56E+28,2.86E+07,1.13E+16,2.80E+04,3.77E-02,1.44E+00,r,3.2
439,2.76E+07,5.72E+11,9.54E-01,-3.37E+29,7.48E+07,4.76E+17,3.05E+05,1.03E-01,4.11E-01,c,-6.5
440,6.37E+06,9.03E+11,9.54E-01,-1.59E+39,4.93E+08,5.75E+18,6.67E+02,3.40E-02,1.52E+11,c,1.1