0,6.27E+08,0.00E+00,0.00E+00,7.68E+24,0.00E+00,0.00E+00,0.00E+00,0.00E+00,0.00E+00,r,99.9
1,6.27E+08,5.50E-01,4.08E-14,7.68E+24,1.86E+03,3.30E-01,1.31E-08,1.34E+02,4.77E-127,r,1
2,6.27E+08,1.30E+00,1.29E-13,7.68E+24,5.03E+03,3.33E+00,5.14E-08,1.23E+01,4.51E-93,c,1.8
3,6.26E+08,1.59E+00,3.38E-13,7.68E+24,8.21E+03,1.05E+01,8.75E-08,3.42E+00,4.35E-80,c,2.2
4,6.25E+08,1.73E+00,6.47E-13,7.68E+24,1.14E+04,2.11E+01,1.12E-07,1.35E+00,1.52E-72,c,2.1
5,6.25E+08,1.80E+00,1.00E-12,7.68E+24,1.46E+04,3.34E+01,1.13E-07,5.91E-01,1.85E-67,c,1.8
6,6.24E+08,1.83E+00,1.31E-12,7.68E+24,1.78E+04,4.40E+01,7.89E-08,2.43E-01,7.84E-64,c,1.4
7,6.23E+08,1.85E+00,1.53E-12,7.68E+24,2.10E+04,5.17E+01,1.73E-07,2.53E-01,1.61E-60,c,0.6
8,6.23E+08,1.87E+00,2.08E-12,7.68E+24,2.26E+04,7.10E+01,8.92E-08,1.63E-01,8.33E-61,r,99.9
9,6.22E+08,1.87E+00,2.20E-12,7.68E+24,2.26E+04,7.52E+01,2.63E-08,7.15E-02,4.58E-60,r,99.9
10,6.22E+08,1.87E+00,2.31E-12,7.68E+24,2.26E+04,7.91E+01,4.51E-08,9.17E-02,7.84E-60,r,99.9
11,6.21E+08,1.88E+00,2.47E-12,7.68E+24,2.26E+04,8.49E+01,6.39E-08,1.10E-01,1.11E-59,r,99.9
12,6.20E+08,1.88E+00,2.71E-12,7.68E+24,2.26E+04,9.32E+01,9.15E-08,1.36E-01,1.59E-59,r,99.9
13,6.20E+08,1.89E+00,3.04E-12,7.68E+24,2.26E+04,1.05E+02,1.31E-07,1.69E-01,2.28E-59,r,99.9
14,6.19E+08,1.91E+00,3.52E-12,7.68E+24,2.26E+04,1.22E+02,1.88E-07,2.15E-01,3.26E-59,r,99.9
15,6.18E+08,1.95E+00,4.20E-12,7.68E+24,2.26E+04,1.47E+02,2.69E-07,2.75E-01,4.68E-59,r,99.9
16,6.18E+08,2.01E+00,5.18E-12,7.68E+24,2.26E+04,1.82E+02,3.86E-07,3.56E-01,6.71E-59,r,99.9
17,6.17E+08,2.14E+00,6.58E-12,7.68E+24,2.26E+04,2.33E+02,5.54E-07,4.64E-01,9.64E-59,r,99.9
18,6.17E+08,2.37E+00,8.58E-12,7.68E+24,2.26E+04,3.06E+02,7.97E-07,6.09E-01,1.39E-58,r,99.9
19,6.16E+08,2.81E+00,1.15E-11,7.68E+24,2.26E+04,4.11E+02,1.15E-06,8.03E-01,1.99E-58,r,99.9
20,6.15E+08,3.65E+00,1.56E-11,7.68E+24,2.26E+04,5.63E+02,1.65E-06,1.06E+00,2.87E-58,r,99.9
21,6.15E+08,5.25E+00,2.15E-11,7.68E+24,2.26E+04,7.82E+02,2.37E-06,1.41E+00,4.14E-58,r,99.9
22,6.14E+08,8.32E+00,3.01E-11,7.68E+24,2.26E+04,1.10E+03,3.42E-06,1.88E+00,5.98E-58,r,99.9
23,6.13E+08,1.42E+01,4.24E-11,7.68E+24,2.26E+04,1.56E+03,4.94E-06,2.51E+00,8.66E-58,r,99.9
24,6.13E+08,2.56E+01,6.00E-11,7.68E+24,2.26E+04,2.22E+03,7.12E-06,3.35E+00,1.26E-57,r,99.9
25,6.12E+08,4.76E+01,8.55E-11,7.68E+24,2.26E+04,3.17E+03,1.03E-05,4.48E+00,1.85E-57,r,99.9
26,6.12E+08,8.99E+01,1.22E-10,7.68E+24,2.26E+04,4.55E+03,1.48E-05,5.99E+00,2.76E-57,r,99.9
27,6.11E+08,1.71E+02,1.75E-10,7.68E+24,2.27E+04,6.55E+03,2.14E-05,7.98E+00,4.25E-57,r,99.9
28,6.10E+08,3.27E+02,2.51E-10,7.68E+24,2.27E+04,9.44E+03,3.09E-05,1.06E+01,6.91E-57,r,99.9
29,6.10E+08,6.22E+02,3.60E-10,7.68E+24,2.29E+04,1.36E+04,4.43E-05,1.38E+01,1.24E-56,r,63
30,6.09E+08,1.17E+03,5.16E-10,7.68E+24,2.31E+04,1.96E+04,6.32E-05,1.77E+01,2.65E-56,r,34.9
31,6.08E+08,2.13E+03,7.37E-10,7.68E+24,2.35E+04,2.80E+04,8.90E-05,2.20E+01,7.36E-56,r,20.4
32,6.08E+08,3.75E+03,1.05E-09,7.68E+24,2.42E+04,3.99E+04,1.23E-04,2.59E+01,2.90E-55,r,12.9
33,6.07E+08,6.28E+03,1.47E-09,7.68E+24,2.51E+04,5.62E+04,1.68E-04,2.91E+01,1.65E-54,r,9
34,6.07E+08,9.96E+03,2.03E-09,7.68E+24,2.63E+04,7.82E+04,2.22E-04,3.10E+01,1.25E-53,r,7
35,6.06E+08,1.50E+04,2.77E-09,7.68E+24,2.77E+04,1.07E+05,2.89E-04,3.18E+01,1.13E-52,r,5.9
36,6.05E+08,2.16E+04,3.72E-09,7.68E+24,2.92E+04,1.44E+05,3.68E-04,3.19E+01,1.07E-51,r,5.3
37,6.05E+08,2.98E+04,4.92E-09,7.68E+24,3.09E+04,1.91E+05,4.62E-04,3.15E+01,9.67E-51,r,5
38,6.04E+08,3.99E+04,6.40E-09,7.68E+24,3.27E+04,2.50E+05,5.72E-04,3.09E+01,8.09E-50,r,4.8
39,6.03E+08,5.21E+04,8.23E-09,7.68E+24,3.44E+04,3.23E+05,7.00E-04,3.01E+01,6.12E-49,r,4.7
40,6.03E+08,6.65E+04,1.05E-08,7.68E+24,3.63E+04,4.11E+05,8.47E-04,2.94E+01,4.16E-48,r,4.7
41,6.02E+08,8.34E+04,1.31E-08,7.68E+24,3.81E+04,5.18E+05,1.02E-03,2.86E+01,2.54E-47,r,4.6
42,6.02E+08,1.03E+05,1.63E-08,7.68E+24,3.99E+04,6.46E+05,1.21E-03,2.78E+01,1.41E-46,r,4.6
43,6.01E+08,1.26E+05,2.00E-08,7.68E+24,4.18E+04,7.97E+05,1.42E-03,2.71E+01,7.13E-46,r,4.6
44,6.00E+08,1.52E+05,2.44E-08,7.68E+24,4.37E+04,9.76E+05,1.67E-03,2.65E+01,3.31E-45,r,4.6
45,6.00E+08,1.81E+05,2.96E-08,7.68E+24,4.55E+04,1.19E+06,1.94E-03,2.58E+01,1.42E-44,r,4.6
46,5.99E+08,2.15E+05,3.55E-08,7.68E+24,4.74E+04,1.43E+06,2.25E-03,2.52E+01,5.68E-44,r,4.6
47,5.98E+08,2.52E+05,4.24E-08,7.68E+24,4.93E+04,1.71E+06,2.59E-03,2.46E+01,2.13E-43,r,4.6
48,5.98E+08,2.95E+05,5.02E-08,7.68E+24,5.12E+04,2.03E+06,2.96E-03,2.41E+01,7.48E-43,r,4.6
49,5.97E+08,3.42E+05,5.91E-08,7.68E+24,5.31E+04,2.40E+06,3.38E-03,2.36E+01,2.49E-42,r,4.6
50,5.97E+08,3.95E+05,6.93E-08,7.68E+24,5.50E+04,2.82E+06,3.83E-03,2.31E+01,7.86E-42,r,4.6
51,5.96E+08,4.53E+05,8.07E-08,7.68E+24,5.69E+04,3.30E+06,4.33E-03,2.26E+01,2.37E-41,r,4.6
52,5.95E+08,5.18E+05,9.36E-08,7.68E+24,5.88E+04,3.84E+06,4.88E-03,2.22E+01,6.81E-41,r,4.6
53,5.95E+08,5.89E+05,1.08E-07,7.68E+24,6.07E+04,4.45E+06,5.48E-03,2.18E+01,1.88E-40,r,4.6
54,5.94E+08,6.68E+05,1.24E-07,7.68E+24,6.26E+04,5.14E+06,6.13E-03,2.14E+01,5.00E-40,r,4.6
55,5.93E+08,7.54E+05,1.42E-07,7.68E+24,6.45E+04,5.90E+06,6.83E-03,2.10E+01,1.28E-39,r,4.6
56,5.93E+08,8.48E+05,1.62E-07,7.68E+24,6.65E+04,6.76E+06,7.59E-03,2.06E+01,3.18E-39,r,4.6
57,5.92E+08,9.50E+05,1.85E-07,7.68E+24,6.84E+04,7.71E+06,8.41E-03,2.03E+01,7.63E-39,r,4.6
58,5.91E+08,1.06E+06,2.09E-07,7.68E+24,7.03E+04,8.76E+06,9.30E-03,1.99E+01,1.78E-38,r,4.6
59,5.91E+08,1.18E+06,2.36E-07,7.68E+24,7.23E+04,9.93E+06,1.03E-02,1.96E+01,4.03E-38,r,4.6
60,5.90E+08,1.31E+06,2.66E-07,7.68E+24,7.42E+04,1.12E+07,1.13E-02,1.93E+01,8.89E-38,r,4.6
61,5.90E+08,1.46E+06,2.98E-07,7.68E+24,7.62E+04,1.26E+07,1.24E-02,1.90E+01,1.91E-37,r,4.6
62,5.89E+08,1.61E+06,3.34E-07,7.68E+24,7.81E+04,1.42E+07,1.36E-02,1.87E+01,4.03E-37,r,4.6
63,5.88E+08,1.78E+06,3.73E-07,7.68E+24,8.01E+04,1.59E+07,1.48E-02,1.85E+01,8.28E-37,r,4.6
64,5.88E+08,1.95E+06,4.15E-07,7.68E+24,8.20E+04,1.78E+07,1.62E-02,1.82E+01,1.67E-36,r,4.6
65,5.87E+08,2.14E+06,4.61E-07,7.68E+24,8.40E+04,1.98E+07,1.76E-02,1.79E+01,3.29E-36,r,4.6
66,5.86E+08,2.35E+06,5.11E-07,7.68E+24,8.59E+04,2.20E+07,1.91E-02,1.77E+01,6.38E-36,r,4.6
67,5.86E+08,2.57E+06,5.65E-07,7.68E+24,8.79E+04,2.45E+07,2.08E-02,1.75E+01,1.21E-35,r,4.6
68,5.85E+08,2.81E+06,6.24E-07,7.68E+24,8.99E+04,2.71E+07,2.25E-02,1.72E+01,2.27E-35,r,4.6
69,5.85E+08,3.06E+06,6.87E-07,7.68E+24,9.19E+04,3.00E+07,2.43E-02,1.70E+01,4.18E-35,r,4.6
70,5.84E+08,3.32E+06,7.56E-07,7.68E+24,9.39E+04,3.30E+07,2.63E-02,1.68E+01,7.57E-35,r,4.6
71,5.83E+08,3.61E+06,8.29E-07,7.68E+24,9.58E+04,3.64E+07,2.83E-02,1.66E+01,1.35E-34,r,4.6
72,5.83E+08,3.91E+06,9.08E-07,7.68E+24,9.78E+04,4.00E+07,3.05E-02,1.64E+01,2.38E-34,r,4.6
73,5.82E+08,4.24E+06,9.93E-07,7.68E+24,9.98E+04,4.39E+07,3.28E-02,1.62E+01,4.13E-34,r,4.6
74,5.81E+08,4.58E+06,1.08E-06,7.68E+24,1.02E+05,4.81E+07,3.52E-02,1.60E+01,7.08E-34,r,4.6
75,5.81E+08,4.94E+06,1.18E-06,7.68E+24,1.04E+05,5.26E+07,3.78E-02,1.58E+01,1.20E-33,r,4.6
76,5.80E+08,5.33E+06,1.29E-06,7.68E+24,1.06E+05,5.74E+07,4.05E-02,1.56E+01,2.01E-33,r,4.6
77,5.80E+08,5.74E+06,1.40E-06,7.68E+24,1.08E+05,6.26E+07,4.33E-02,1.55E+01,3.32E-33,r,4.6
78,5.79E+08,6.17E+06,1.52E-06,7.68E+24,1.10E+05,6.82E+07,4.63E-02,1.53E+01,5.43E-33,r,4.6
79,5.78E+08,6.63E+06,1.64E-06,7.68E+24,1.12E+05,7.42E+07,4.95E-02,1.51E+01,8.79E-33,r,4.6
80,5.78E+08,7.11E+06,1.78E-06,7.68E+24,1.14E+05,8.06E+07,5.28E-02,1.50E+01,1.41E-32,r,4.6
81,5.77E+08,7.62E+06,1.92E-06,7.68E+24,1.16E+05,8.74E+07,5.62E-02,1.48E+01,2.23E-32,r,4.6
82,5.76E+08,8.15E+06,2.07E-06,7.68E+24,1.18E+05,9.47E+07,5.99E-02,1.47E+01,3.51E-32,r,4.6
83,5.76E+08,8.72E+06,2.24E-06,7.68E+24,1.20E+05,1.02E+08,6.37E-02,1.45E+01,5.47E-32,r,4.6
84,5.75E+08,9.31E+06,2.41E-06,7.68E+24,1.22E+05,1.11E+08,6.77E-02,1.44E+01,8.45E-32,r,4.6
85,5.75E+08,9.94E+06,2.59E-06,7.68E+24,1.24E+05,1.20E+08,7.19E-02,1.42E+01,1.29E-31,r,4.6
86,5.74E+08,1.06E+07,2.78E-06,7.68E+24,1.26E+05,1.29E+08,7.62E-02,1.41E+01,1.97E-31,r,4.6
87,5.73E+08,1.13E+07,2.99E-06,7.68E+24,1.28E+05,1.39E+08,8.08E-02,1.40E+01,2.96E-31,r,4.6
88,5.73E+08,1.20E+07,3.20E-06,7.68E+24,1.30E+05,1.49E+08,8.56E-02,1.38E+01,4.43E-31,r,4.6
89,5.72E+08,1.28E+07,3.43E-06,7.68E+24,1.32E+05,1.61E+08,9.05E-02,1.37E+01,6.58E-31,r,4.6
90,5.71E+08,1.36E+07,3.67E-06,7.68E+24,1.35E+05,1.73E+08,9.57E-02,1.36E+01,9.70E-31,r,4.6
91,5.71E+08,1.44E+07,3.93E-06,7.68E+24,1.37E+05,1.85E+08,1.01E-01,1.34E+01,1.42E-30,r,4.6
92,5.70E+08,1.53E+07,4.19E-06,7.68E+24,1.39E+05,1.98E+08,1.07E-01,1.33E+01,2.07E-30,r,4.6
93,5.70E+08,1.62E+07,4.48E-06,7.68E+24,1.41E+05,2.13E+08,1.13E-01,1.32E+01,2.99E-30,r,4.6
94,5.69E+08,1.71E+07,4.77E-06,7.68E+24,1.43E+05,2.27E+08,1.19E-01,1.31E+01,4.29E-30,r,4.6
95,5.68E+08,1.81E+07,5.08E-06,7.68E+24,1.45E+05,2.43E+08,1.25E-01,1.30E+01,6.13E-30,r,4.6
96,5.68E+08,1.92E+07,5.41E-06,7.68E+24,1.47E+05,2.60E+08,1.32E-01,1.29E+01,8.71E-30,r,4.6
97,5.67E+08,2.03E+07,5.76E-06,7.68E+24,1.49E+05,2.77E+08,1.39E-01,1.28E+01,1.23E-29,r,4.6
98,5.66E+08,2.14E+07,6.12E-06,7.68E+24,1.51E+05,2.96E+08,1.46E-01,1.27E+01,1.73E-29,r,4.6
99,5.66E+08,2.26E+07,6.50E-06,7.68E+24,1.53E+05,3.15E+08,1.54E-01,1.26E+01,2.41E-29,r,4.6
100,5.65E+08,2.38E+07,6.90E-06,7.68E+24,1.56E+05,3.36E+08,1.61E-01,1.25E+01,3.35E-29,r,4.6
101,5.65E+08,2.51E+07,7.31E-06,7.68E+24,1.58E+05,3.58E+08,1.69E-01,1.24E+01,4.63E-29,r,4.6
102,5.64E+08,2.65E+07,7.75E-06,7.68E+24,1.60E+05,3.80E+08,1.78E-01,1.23E+01,6.37E-29,r,4.6
103,5.63E+08,2.78E+07,8.21E-06,7.68E+24,1.62E+05,4.04E+08,1.86E-01,1.22E+01,8.72E-29,r,4.6
104,5.63E+08,2.93E+07,8.68E-06,7.68E+24,1.64E+05,4.29E+08,1.95E-01,1.21E+01,1.19E-28,r,4.6
105,5.62E+08,3.08E+07,9.18E-06,7.68E+24,1.66E+05,4.56E+08,2.05E-01,1.20E+01,1.61E-28,r,4.6
106,5.61E+08,3.24E+07,9.71E-06,7.68E+24,1.68E+05,4.83E+08,2.14E-01,1.19E+01,2.18E-28,r,4.6
107,5.61E+08,3.40E+07,1.03E-05,7.68E+24,1.71E+05,5.12E+08,2.24E-01,1.18E+01,2.93E-28,r,4.6
108,5.60E+08,3.57E+07,1.08E-05,7.68E+24,1.73E+05,5.43E+08,2.35E-01,1.17E+01,3.92E-28,r,4.6
109,5.60E+08,3.75E+07,1.14E-05,7.68E+24,1.75E+05,5.75E+08,2.46E-01,1.16E+01,5.23E-28,r,4.6
110,5.59E+08,3.93E+07,1.20E-05,7.68E+24,1.77E+05,6.08E+08,2.57E-01,1.16E+01,6.95E-28,r,4.6
111,5.58E+08,4.12E+07,1.27E-05,7.68E+24,1.79E+05,6.43E+08,2.68E-01,1.15E+01,9.21E-28,r,4.6
112,5.58E+08,4.31E+07,1.34E-05,7.68E+24,1.81E+05,6.80E+08,2.80E-01,1.14E+01,1.21E-27,r,4.6
113,5.57E+08,4.52E+07,1.41E-05,7.68E+24,1.84E+05,7.19E+08,2.92E-01,1.13E+01,1.60E-27,r,4.6
114,5.56E+08,4.73E+07,1.48E-05,7.68E+24,1.86E+05,7.59E+08,3.05E-01,1.12E+01,2.09E-27,r,4.6
115,5.56E+08,4.95E+07,1.56E-05,7.68E+24,1.88E+05,8.01E+08,3.18E-01,1.12E+01,2.73E-27,r,4.6
116,5.55E+08,5.17E+07,1.64E-05,7.68E+24,1.90E+05,8.45E+08,3.32E-01,1.11E+01,3.55E-27,r,4.6
117,5.54E+08,5.41E+07,1.72E-05,7.68E+24,1.92E+05,8.91E+08,3.46E-01,1.10E+01,4.59E-27,r,4.6
118,5.54E+08,5.65E+07,1.80E-05,7.68E+24,1.95E+05,9.39E+08,3.60E-01,1.09E+01,5.94E-27,r,4.6
119,5.53E+08,5.90E+07,1.89E-05,7.68E+24,1.97E+05,9.89E+08,3.75E-01,1.09E+01,7.65E-27,r,4.6
120,5.53E+08,6.16E+07,1.98E-05,7.68E+24,1.99E+05,1.04E+09,3.91E-01,1.08E+01,9.82E-27,r,4.6
121,5.52E+08,6.43E+07,2.08E-05,7.68E+24,2.01E+05,1.10E+09,4.07E-01,1.07E+01,1.26E-26,r,4.6
122,5.51E+08,6.71E+07,2.18E-05,7.68E+24,2.03E+05,1.15E+09,4.23E-01,1.06E+01,1.60E-26,r,4.6
123,5.51E+08,6.99E+07,2.28E-05,7.68E+24,2.06E+05,1.21E+09,4.40E-01,1.06E+01,2.04E-26,r,4.6
124,5.50E+08,7.29E+07,2.39E-05,7.68E+24,2.08E+05,1.27E+09,4.57E-01,1.05E+01,2.59E-26,r,4.6
125,5.49E+08,7.60E+07,2.50E-05,7.68E+24,2.10E+05,1.34E+09,4.75E-01,1.04E+01,3.28E-26,r,4.6
126,5.49E+08,7.91E+07,2.62E-05,7.68E+24,2.12E+05,1.41E+09,4.94E-01,1.04E+01,4.14E-26,r,4.6
127,5.48E+08,8.24E+07,2.74E-05,7.68E+24,2.15E+05,1.48E+09,5.13E-01,1.03E+01,5.21E-26,r,4.6
128,5.48E+08,8.58E+07,2.86E-05,7.68E+24,2.17E+05,1.55E+09,5.33E-01,1.03E+01,6.54E-26,r,4.6
129,5.47E+08,8.93E+07,2.99E-05,7.68E+24,2.19E+05,1.62E+09,5.53E-01,1.02E+01,8.19E-26,r,4.6
130,5.46E+08,9.28E+07,3.12E-05,7.68E+24,2.22E+05,1.70E+09,5.74E-01,1.01E+01,1.02E-25,r,4.6
131,5.46E+08,9.65E+07,3.26E-05,7.68E+24,2.24E+05,1.78E+09,5.95E-01,1.01E+01,1.28E-25,r,4.6
132,5.45E+08,1.00E+08,3.40E-05,7.68E+24,2.26E+05,1.87E+09,6.17E-01,1.00E+01,1.59E-25,r,4.6
133,5.44E+08,1.04E+08,3.55E-05,7.68E+24,2.28E+05,1.96E+09,6.40E-01,9.95E+00,1.97E-25,r,4.6
134,5.44E+08,1.08E+08,3.70E-05,7.68E+24,2.31E+05,2.05E+09,6.63E-01,9.90E+00,2.44E-25,r,4.6
135,5.43E+08,1.13E+08,3.86E-05,7.68E+24,2.33E+05,2.14E+09,6.87E-01,9.84E+00,3.01E-25,r,4.6
136,5.43E+08,1.17E+08,4.02E-05,7.68E+24,2.35E+05,2.24E+09,7.12E-01,9.78E+00,3.71E-25,r,4.6
137,5.42E+08,1.21E+08,4.19E-05,7.68E+24,2.38E+05,2.35E+09,7.37E-01,9.73E+00,4.56E-25,r,4.6
138,5.41E+08,1.26E+08,4.37E-05,7.68E+24,2.40E+05,2.45E+09,7.63E-01,9.67E+00,5.60E-25,r,4.6
139,5.41E+08,1.31E+08,4.55E-05,7.68E+24,2.42E+05,2.56E+09,7.90E-01,9.62E+00,6.85E-25,r,4.6
140,5.40E+08,1.35E+08,4.73E-05,7.68E+24,2.45E+05,2.68E+09,8.18E-01,9.57E+00,8.37E-25,r,4.6
141,5.39E+08,1.40E+08,4.92E-05,7.68E+24,2.47E+05,2.80E+09,8.46E-01,9.51E+00,1.02E-24,r,4.6
142,5.39E+08,1.46E+08,5.12E-05,7.68E+24,2.49E+05,2.92E+09,8.75E-01,9.46E+00,1.24E-24,r,4.6
143,5.38E+08,1.51E+08,5.33E-05,7.68E+24,2.52E+05,3.05E+09,9.05E-01,9.41E+00,1.51E-24,r,4.6
144,5.38E+08,1.56E+08,5.54E-05,7.68E+24,2.54E+05,3.18E+09,9.36E-01,9.36E+00,1.83E-24,r,4.6
145,5.37E+08,1.62E+08,5.75E-05,7.68E+24,2.56E+05,3.32E+09,9.67E-01,9.31E+00,2.22E-24,r,4.6
146,5.36E+08,1.67E+08,5.98E-05,7.68E+24,2.59E+05,3.46E+09,9.99E-01,9.26E+00,2.68E-24,r,4.6
147,5.36E+08,1.73E+08,6.21E-05,7.68E+24,2.61E+05,3.61E+09,1.03E+00,9.21E+00,3.23E-24,r,4.6
148,5.35E+08,1.79E+08,6.45E-05,7.68E+24,2.63E+05,3.76E+09,1.07E+00,9.17E+00,3.89E-24,r,4.6
149,5.34E+08,1.86E+08,6.69E-05,7.68E+24,2.66E+05,3.92E+09,1.10E+00,9.12E+00,4.68E-24,r,4.6
150,5.34E+08,1.92E+08,6.94E-05,7.68E+24,2.68E+05,4.08E+09,1.14E+00,9.07E+00,5.62E-24,r,4.6
151,5.33E+08,1.99E+08,7.20E-05,7.68E+24,2.71E+05,4.25E+09,1.17E+00,9.02E+00,6.73E-24,r,4.6
152,5.33E+08,2.05E+08,7.47E-05,7.68E+24,2.73E+05,4.43E+09,1.21E+00,8.98E+00,8.05E-24,r,4.6
153,5.32E+08,2.12E+08,7.75E-05,7.68E+24,2.75E+05,4.61E+09,1.25E+00,8.93E+00,9.61E-24,r,4.6
154,5.31E+08,2.19E+08,8.03E-05,7.68E+24,2.78E+05,4.80E+09,1.29E+00,8.89E+00,1.15E-23,r,4.6
155,5.31E+08,2.27E+08,8.32E-05,7.68E+24,2.80E+05,4.99E+09,1.33E+00,8.84E+00,1.37E-23,r,4.6
156,5.30E+08,2.34E+08,8.62E-05,7.68E+24,2.83E+05,5.19E+09,1.37E+00,8.80E+00,1.62E-23,r,4.6
157,5.29E+08,2.42E+08,8.93E-05,7.68E+24,2.85E+05,5.40E+09,1.42E+00,8.76E+00,1.93E-23,r,4.6
158,5.29E+08,2.50E+08,9.25E-05,7.68E+24,2.87E+05,5.61E+09,1.46E+00,8.72E+00,2.28E-23,r,4.6
159,5.28E+08,2.58E+08,9.58E-05,7.68E+24,2.90E+05,5.83E+09,1.50E+00,8.67E+00,2.70E-23,r,4.6
160,5.28E+08,2.66E+08,9.91E-05,7.68E+24,2.92E+05,6.06E+09,1.55E+00,8.63E+00,3.19E-23,r,4.6
161,5.27E+08,2.74E+08,1.03E-04,7.68E+24,2.95E+05,6.30E+09,1.60E+00,8.59E+00,3.77E-23,r,4.6
162,5.26E+08,2.83E+08,1.06E-04,7.68E+24,2.97E+05,6.54E+09,1.64E+00,8.55E+00,4.44E-23,r,4.6
163,5.26E+08,2.92E+08,1.10E-04,7.68E+24,3.00E+05,6.79E+09,1.69E+00,8.51E+00,5.23E-23,r,4.6
164,5.25E+08,3.01E+08,1.14E-04,7.68E+24,3.02E+05,7.05E+09,1.74E+00,8.47E+00,6.15E-23,r,4.6
165,5.24E+08,3.11E+08,1.17E-04,7.68E+24,3.05E+05,7.32E+09,1.80E+00,8.43E+00,7.22E-23,r,4.6
166,5.24E+08,3.20E+08,1.21E-04,7.68E+24,3.07E+05,7.60E+09,1.85E+00,8.39E+00,8.46E-23,r,4.6
167,5.23E+08,3.30E+08,1.25E-04,7.68E+24,3.10E+05,7.88E+09,1.90E+00,8.35E+00,9.91E-23,r,4.6
168,5.23E+08,3.40E+08,1.30E-04,7.68E+24,3.12E+05,8.18E+09,1.96E+00,8.31E+00,1.16E-22,r,4.6
169,5.22E+08,3.50E+08,1.34E-04,7.68E+24,3.15E+05,8.48E+09,2.01E+00,8.28E+00,1.35E-22,r,4.6
170,5.21E+08,3.61E+08,1.38E-04,7.68E+24,3.17E+05,8.80E+09,2.07E+00,8.24E+00,1.58E-22,r,4.6
171,5.21E+08,3.72E+08,1.43E-04,7.68E+24,3.20E+05,9.12E+09,2.13E+00,8.20E+00,1.84E-22,r,4.6
172,5.20E+08,3.83E+08,1.47E-04,7.68E+24,3.22E+05,9.45E+09,2.19E+00,8.16E+00,2.14E-22,r,4.6
173,5.19E+08,3.94E+08,1.52E-04,7.68E+24,3.25E+05,9.80E+09,2.25E+00,8.13E+00,2.49E-22,r,4.6
174,5.19E+08,4.06E+08,1.57E-04,7.68E+24,3.27E+05,1.02E+10,2.32E+00,8.09E+00,2.89E-22,r,4.6
175,5.18E+08,4.18E+08,1.62E-04,7.68E+24,3.30E+05,1.05E+10,2.38E+00,8.06E+00,3.36E-22,r,4.6
176,5.17E+08,4.30E+08,1.67E-04,7.68E+24,3.32E+05,1.09E+10,2.45E+00,8.02E+00,3.89E-22,r,4.6
177,5.17E+08,4.42E+08,1.72E-04,7.68E+24,3.35E+05,1.13E+10,2.52E+00,7.99E+00,4.50E-22,r,4.6
178,5.16E+08,4.55E+08,1.78E-04,7.68E+24,3.37E+05,1.17E+10,2.59E+00,7.95E+00,5.21E-22,r,4.6
179,5.16E+08,4.68E+08,1.83E-04,7.68E+24,3.40E+05,1.21E+10,2.66E+00,7.92E+00,6.01E-22,r,4.6
180,5.15E+08,4.82E+08,1.89E-04,7.68E+24,3.42E+05,1.25E+10,2.73E+00,7.88E+00,6.94E-22,r,4.6
181,5.14E+08,4.95E+08,1.95E-04,7.68E+24,3.45E+05,1.30E+10,2.80E+00,7.85E+00,8.00E-22,r,4.6
182,5.14E+08,5.09E+08,2.01E-04,7.68E+24,3.48E+05,1.34E+10,2.88E+00,7.82E+00,9.21E-22,r,4.6
183,5.13E+08,5.23E+08,2.07E-04,7.68E+24,3.50E+05,1.39E+10,2.96E+00,7.78E+00,1.06E-21,r,4.6
184,5.12E+08,5.38E+08,2.13E-04,7.68E+24,3.53E+05,1.43E+10,3.03E+00,7.75E+00,1.22E-21,r,4.6
185,5.12E+08,5.53E+08,2.19E-04,7.68E+24,3.55E+05,1.48E+10,3.12E+00,7.72E+00,1.40E-21,r,4.6
186,5.11E+08,5.68E+08,2.26E-04,7.68E+24,3.58E+05,1.53E+10,3.20E+00,7.69E+00,1.60E-21,r,4.6
187,5.11E+08,5.84E+08,2.32E-04,7.68E+24,3.61E+05,1.58E+10,3.28E+00,7.65E+00,1.84E-21,r,4.6
188,5.10E+08,6.00E+08,2.39E-04,7.68E+24,3.63E+05,1.64E+10,3.37E+00,7.62E+00,2.11E-21,r,4.6
189,5.09E+08,6.16E+08,2.46E-04,7.68E+24,3.66E+05,1.69E+10,3.46E+00,7.59E+00,2.41E-21,r,4.6
190,5.09E+08,6.33E+08,2.54E-04,7.68E+24,3.68E+05,1.75E+10,3.54E+00,7.56E+00,2.75E-21,r,4.6
191,5.08E+08,6.50E+08,2.61E-04,7.68E+24,3.71E+05,1.81E+10,3.64E+00,7.53E+00,3.14E-21,r,4.6
192,5.07E+08,6.67E+08,2.68E-04,7.68E+24,3.74E+05,1.87E+10,3.73E+00,7.50E+00,3.59E-21,r,4.6
193,5.07E+08,6.85E+08,2.76E-04,7.68E+24,3.76E+05,1.93E+10,3.82E+00,7.47E+00,4.09E-21,r,4.6
194,5.06E+08,7.03E+08,2.84E-04,7.68E+24,3.79E+05,1.99E+10,3.92E+00,7.44E+00,4.65E-21,r,4.6
195,5.06E+08,7.21E+08,2.92E-04,7.68E+24,3.82E+05,2.06E+10,4.02E+00,7.41E+00,5.30E-21,r,4.6
196,5.05E+08,7.40E+08,3.00E-04,7.68E+24,3.84E+05,2.12E+10,4.12E+00,7.38E+00,6.02E-21,r,4.6
197,5.04E+08,7.59E+08,3.09E-04,7.68E+24,3.87E+05,2.19E+10,4.23E+00,7.35E+00,6.84E-21,r,4.6
198,5.04E+08,7.79E+08,3.17E-04,7.68E+24,3.90E+05,2.26E+10,4.33E+00,7.32E+00,7.77E-21,r,4.6
199,5.03E+08,7.99E+08,3.26E-04,7.68E+24,3.92E+05,2.33E+10,4.44E+00,7.29E+00,8.81E-21,r,4.6
200,5.02E+08,8.20E+08,3.35E-04,7.68E+24,3.95E+05,2.41E+10,4.55E+00,7.27E+00,9.99E-21,r,4.6
201,5.02E+08,8.41E+08,3.44E-04,7.68E+24,3.98E+05,2.48E+10,4.66E+00,7.24E+00,1.13E-20,r,4.6
202,5.01E+08,8.62E+08,3.53E-04,7.68E+24,4.00E+05,2.56E+10,4.78E+00,7.21E+00,1.28E-20,r,4.6
203,5.01E+08,8.84E+08,3.63E-04,7.68E+24,4.03E+05,2.64E+10,4.89E+00,7.18E+00,1.45E-20,r,4.6
204,5.00E+08,9.06E+08,3.73E-04,7.68E+24,4.06E+05,2.72E+10,5.01E+00,7.16E+00,1.64E-20,r,4.6
205,4.99E+08,9.29E+08,3.83E-04,7.68E+24,4.09E+05,2.81E+10,5.13E+00,7.13E+00,1.85E-20,r,4.6
206,4.99E+08,9.52E+08,3.93E-04,7.68E+24,4.11E+05,2.90E+10,5.26E+00,7.10E+00,2.08E-20,r,4.6
207,4.98E+08,9.76E+08,4.03E-04,7.68E+24,4.14E+05,2.99E+10,5.38E+00,7.07E+00,2.35E-20,r,4.6
208,4.97E+08,1.00E+09,4.14E-04,7.68E+24,4.17E+05,3.08E+10,5.51E+00,7.05E+00,2.65E-20,r,4.6
209,4.97E+08,1.02E+09,4.25E-04,7.68E+24,4.20E+05,3.17E+10,5.64E+00,7.02E+00,2.98E-20,r,4.6
210,4.96E+08,1.05E+09,4.36E-04,7.68E+24,4.22E+05,3.27E+10,5.78E+00,7.00E+00,3.35E-20,r,4.6
211,4.96E+08,1.08E+09,4.48E-04,7.68E+24,4.25E+05,3.37E+10,5.91E+00,6.97E+00,3.77E-20,r,4.6
212,4.95E+08,1.10E+09,4.59E-04,7.68E+24,4.28E+05,3.47E+10,6.05E+00,6.94E+00,4.24E-20,r,4.6
213,4.94E+08,1.13E+09,4.71E-04,7.68E+24,4.31E+05,3.57E+10,6.20E+00,6.92E+00,4.76E-20,r,4.6
214,4.94E+08,1.16E+09,4.83E-04,7.68E+24,4.34E+05,3.68E+10,6.34E+00,6.89E+00,5.34E-20,r,4.6
215,4.93E+08,1.18E+09,4.95E-04,7.68E+24,4.36E+05,3.79E+10,6.49E+00,6.87E+00,5.98E-20,r,4.6
216,4.92E+08,1.21E+09,5.08E-04,7.68E+24,4.39E+05,3.90E+10,6.64E+00,6.84E+00,6.70E-20,r,4.6
217,4.92E+08,1.24E+09,5.21E-04,7.68E+24,4.42E+05,4.02E+10,6.79E+00,6.82E+00,7.51E-20,r,4.6
218,4.91E+08,1.27E+09,5.34E-04,7.68E+24,4.45E+05,4.14E+10,6.95E+00,6.79E+00,8.40E-20,r,4.6
219,4.91E+08,1.30E+09,5.47E-04,7.68E+24,4.48E+05,4.26E+10,7.11E+00,6.77E+00,9.40E-20,r,4.6
220,4.90E+08,1.33E+09,5.61E-04,7.68E+24,4.50E+05,4.38E+10,7.27E+00,6.75E+00,1.05E-19,r,4.6
221,4.89E+08,1.36E+09,5.75E-04,7.68E+24,4.53E+05,4.51E+10,7.43E+00,6.72E+00,1.17E-19,r,4.6
222,4.89E+08,1.39E+09,5.89E-04,7.68E+24,4.56E+05,4.64E+10,7.60E+00,6.70E+00,1.31E-19,r,4.6
223,4.88E+08,1.42E+09,6.04E-04,7.68E+24,4.59E+05,4.78E+10,7.77E+00,6.68E+00,1.46E-19,r,4.6
224,4.87E+08,1.46E+09,6.18E-04,7.68E+24,4.62E+05,4.92E+10,7.95E+00,6.65E+00,1.63E-19,r,4.6
225,4.87E+08,1.49E+09,6.33E-04,7.68E+24,4.65E+05,5.06E+10,8.13E+00,6.63E+00,1.82E-19,r,4.6
226,4.86E+08,1.53E+09,6.49E-04,7.68E+24,4.68E+05,5.20E+10,8.31E+00,6.61E+00,2.02E-19,r,4.6
227,4.85E+08,1.56E+09,6.64E-04,7.68E+24,4.71E+05,5.35E+10,8.49E+00,6.58E+00,2.25E-19,r,4.6
228,4.85E+08,1.60E+09,6.80E-04,7.68E+24,4.73E+05,5.50E+10,8.68E+00,6.56E+00,2.51E-19,r,4.6
229,4.84E+08,1.63E+09,6.97E-04,7.68E+24,4.76E+05,5.66E+10,8.87E+00,6.54E+00,2.79E-19,r,4.6
230,4.84E+08,1.67E+09,7.13E-04,7.68E+24,4.79E+05,5.82E+10,9.07E+00,6.52E+00,3.10E-19,r,4.6
231,4.83E+08,1.71E+09,7.30E-04,7.68E+24,4.82E+05,5.98E+10,9.26E+00,6.49E+00,3.44E-19,r,4.6
232,4.82E+08,1.74E+09,7.47E-04,7.68E+24,4.85E+05,6.15E+10,9.47E+00,6.47E+00,3.82E-19,r,4.6
233,4.82E+08,1.78E+09,7.65E-04,7.68E+24,4.88E+05,6.32E+10,9.67E+00,6.45E+00,4.24E-19,r,4.6
234,4.81E+08,1.82E+09,7.83E-04,7.68E+24,4.91E+05,6.50E+10,9.88E+00,6.43E+00,4.70E-19,r,4.6
235,4.80E+08,1.86E+09,8.01E-04,7.68E+24,4.94E+05,6.68E+10,1.01E+01,6.41E+00,5.21E-19,r,4.6
236,4.80E+08,1.90E+09,8.20E-04,7.68E+24,4.97E+05,6.86E+10,1.03E+01,6.38E+00,5.77E-19,r,4.6
237,4.79E+08,1.94E+09,8.39E-04,7.68E+24,5.00E+05,7.05E+10,1.05E+01,6.36E+00,6.39E-19,r,4.6
238,4.79E+08,1.99E+09,8.58E-04,7.68E+24,5.03E+05,7.24E+10,1.08E+01,6.34E+00,7.07E-19,r,4.6
239,4.78E+08,2.03E+09,8.78E-04,7.68E+24,5.06E+05,7.44E+10,1.10E+01,6.32E+00,7.83E-19,r,4.6
240,4.77E+08,2.07E+09,8.98E-04,7.68E+24,5.09E+05,7.65E+10,1.12E+01,6.30E+00,8.65E-19,r,4.6
241,4.77E+08,2.12E+09,9.18E-04,7.68E+24,5.12E+05,7.85E+10,1.15E+01,6.28E+00,9.56E-19,r,4.6
242,4.76E+08,2.16E+09,9.39E-04,7.68E+24,5.15E+05,8.07E+10,1.17E+01,6.26E+00,1.06E-18,r,4.6
243,4.75E+08,2.21E+09,9.60E-04,7.68E+24,5.18E+05,8.28E+10,1.20E+01,6.24E+00,1.17E-18,r,4.6
244,4.75E+08,2.26E+09,9.81E-04,7.68E+24,5.21E+05,8.51E+10,1.22E+01,6.22E+00,1.29E-18,r,4.6
245,4.74E+08,2.31E+09,1.00E-03,7.68E+24,5.24E+05,8.74E+10,1.25E+01,6.20E+00,1.42E-18,r,4.6
246,4.74E+08,2.35E+09,1.03E-03,7.68E+24,5.27E+05,8.97E+10,1.27E+01,6.18E+00,1.57E-18,r,4.6
247,4.73E+08,2.40E+09,1.05E-03,7.68E+24,5.30E+05,9.21E+10,1.30E+01,6.16E+00,1.72E-18,r,4.6
248,4.72E+08,2.45E+09,1.07E-03,7.68E+24,5.33E+05,9.45E+10,1.32E+01,6.14E+00,1.90E-18,r,4.6
249,4.72E+08,2.51E+09,1.10E-03,7.68E+24,5.36E+05,9.70E+10,1.35E+01,6.12E+00,2.09E-18,r,4.6
250,4.71E+08,2.56E+09,1.12E-03,7.68E+24,5.39E+05,9.96E+10,1.38E+01,6.10E+00,2.30E-18,r,4.6
251,4.70E+08,2.61E+09,1.14E-03,7.68E+24,5.42E+05,1.02E+11,1.41E+01,6.08E+00,2.53E-18,r,4.6
252,4.70E+08,2.67E+09,1.17E-03,7.68E+24,5.45E+05,1.05E+11,1.44E+01,6.06E+00,2.78E-18,r,4.6
253,4.69E+08,2.72E+09,1.19E-03,7.68E+24,5.48E+05,1.08E+11,1.47E+01,6.04E+00,3.06E-18,r,4.6
254,4.69E+08,2.78E+09,1.22E-03,7.68E+24,5.51E+05,1.10E+11,1.50E+01,6.02E+00,3.36E-18,r,4.6
255,4.68E+08,2.83E+09,1.25E-03,7.68E+24,5.55E+05,1.13E+11,1.53E+01,6.00E+00,3.69E-18,r,4.6
256,4.67E+08,2.89E+09,1.27E-03,7.68E+24,5.58E+05,1.16E+11,1.56E+01,5.98E+00,4.05E-18,r,4.6
257,4.67E+08,2.95E+09,1.30E-03,7.68E+24,5.61E+05,1.19E+11,1.59E+01,5.97E+00,4.44E-18,r,4.6
258,4.66E+08,3.01E+09,1.33E-03,7.68E+24,5.64E+05,1.22E+11,1.62E+01,5.95E+00,4.87E-18,r,4.6
259,4.65E+08,3.07E+09,1.36E-03,7.68E+24,5.67E+05,1.26E+11,1.65E+01,5.93E+00,5.34E-18,r,4.6
260,4.65E+08,3.13E+09,1.38E-03,7.68E+24,5.70E+05,1.29E+11,1.69E+01,5.91E+00,5.86E-18,r,4.6
261,4.64E+08,3.20E+09,1.41E-03,7.68E+24,5.73E+05,1.32E+11,1.72E+01,5.89E+00,6.42E-18,r,4.6
262,4.64E+08,3.26E+09,1.44E-03,7.68E+24,5.77E+05,1.35E+11,1.75E+01,5.87E+00,7.02E-18,r,4.6
263,4.63E+08,3.33E+09,1.47E-03,7.68E+24,5.80E+05,1.39E+11,1.79E+01,5.86E+00,7.69E-18,r,4.6
264,4.62E+08,3.39E+09,1.50E-03,7.68E+24,5.83E+05,1.42E+11,1.82E+01,5.84E+00,8.41E-18,r,4.6
265,4.62E+08,3.46E+09,1.53E-03,7.68E+24,5.86E+05,1.46E+11,1.86E+01,5.82E+00,9.20E-18,r,4.6
266,4.61E+08,3.53E+09,1.57E-03,7.68E+24,5.89E+05,1.50E+11,1.90E+01,5.80E+00,1.01E-17,r,4.6
267,4.60E+08,3.60E+09,1.60E-03,7.68E+24,5.93E+05,1.53E+11,1.93E+01,5.79E+00,1.10E-17,r,4.6
268,4.60E+08,3.67E+09,1.63E-03,7.68E+24,5.96E+05,1.57E+11,1.97E+01,5.77E+00,1.20E-17,r,4.6
269,4.59E+08,3.74E+09,1.66E-03,7.68E+24,5.99E+05,1.61E+11,2.01E+01,5.75E+00,1.31E-17,r,4.6
270,4.59E+08,3.81E+09,1.70E-03,7.68E+24,6.02E+05,1.65E+11,2.05E+01,5.73E+00,1.43E-17,r,4.6
271,4.58E+08,3.89E+09,1.73E-03,7.68E+24,6.06E+05,1.69E+11,2.09E+01,5.72E+00,1.56E-17,r,4.6
272,4.57E+08,3.96E+09,1.77E-03,7.68E+24,6.09E+05,1.73E+11,2.13E+01,5.70E+00,1.71E-17,r,4.6
273,4.57E+08,4.04E+09,1.80E-03,7.68E+24,6.12E+05,1.78E+11,2.17E+01,5.68E+00,1.86E-17,r,4.6
274,4.56E+08,4.12E+09,1.84E-03,7.68E+24,6.15E+05,1.82E+11,2.21E+01,5.67E+00,2.03E-17,r,4.6
275,4.55E+08,4.20E+09,1.87E-03,7.68E+24,6.19E+05,1.87E+11,2.25E+01,5.65E+00,2.21E-17,r,4.6
276,4.55E+08,4.28E+09,1.91E-03,7.68E+24,6.22E+05,1.91E+11,2.30E+01,5.63E+00,2.41E-17,r,4.6
277,4.54E+08,4.36E+09,1.95E-03,7.68E+24,6.25E+05,1.96E+11,2.34E+01,5.62E+00,2.62E-17,r,4.6
278,4.54E+08,4.44E+09,1.99E-03,7.68E+24,6.29E+05,2.01E+11,2.38E+01,5.60E+00,2.85E-17,r,4.6
279,4.53E+08,4.53E+09,2.03E-03,7.68E+24,6.32E+05,2.05E+11,2.43E+01,5.58E+00,3.11E-17,r,4.6
280,4.52E+08,4.61E+09,2.07E-03,7.68E+24,6.35E+05,2.10E+11,2.47E+01,5.57E+00,3.38E-17,r,4.6
281,4.52E+08,4.70E+09,2.11E-03,7.68E+24,6.39E+05,2.16E+11,2.52E+01,5.55E+00,3.67E-17,r,4.6
282,4.51E+08,4.79E+09,2.15E-03,7.68E+24,6.42E+05,2.21E+11,2.57E+01,5.53E+00,4.00E-17,r,4.6
283,4.50E+08,4.88E+09,2.19E-03,7.68E+24,6.45E+05,2.26E+11,2.62E+01,5.52E+00,4.34E-17,r,4.6
284,4.50E+08,4.97E+09,2.23E-03,7.68E+24,6.49E+05,2.32E+11,2.67E+01,5.50E+00,4.72E-17,r,4.6
285,4.49E+08,5.06E+09,2.27E-03,7.68E+24,6.52E+05,2.37E+11,2.72E+01,5.49E+00,5.12E-17,r,4.6
286,4.48E+08,5.15E+09,2.32E-03,7.68E+24,6.55E+05,2.43E+11,2.77E+01,5.47E+00,5.56E-17,r,4.6
287,4.48E+08,5.25E+09,2.36E-03,7.68E+24,6.59E+05,2.49E+11,2.82E+01,5.45E+00,6.04E-17,r,4.6
288,4.47E+08,5.35E+09,2.41E-03,7.68E+24,6.62E+05,2.54E+11,2.87E+01,5.44E+00,6.55E-17,r,4.6
289,4.47E+08,5.45E+09,2.45E-03,7.68E+24,6.66E+05,2.60E+11,2.92E+01,5.42E+00,7.11E-17,r,4.6
290,4.46E+08,5.55E+09,2.50E-03,7.68E+24,6.69E+05,2.67E+11,2.98E+01,5.41E+00,7.71E-17,r,4.6
291,4.45E+08,5.65E+09,2.55E-03,7.68E+24,6.73E+05,2.73E+11,3.03E+01,5.39E+00,8.36E-17,r,4.6
292,4.45E+08,5.75E+09,2.59E-03,7.68E+24,6.76E+05,2.79E+11,3.09E+01,5.38E+00,9.06E-17,r,4.6
293,4.44E+08,5.86E+09,2.64E-03,7.68E+24,6.79E+05,2.86E+11,3.14E+01,5.36E+00,9.82E-17,r,4.6
294,4.43E+08,5.96E+09,2.69E-03,7.68E+24,6.83E+05,2.93E+11,3.20E+01,5.35E+00,1.06E-16,r,4.6
295,4.43E+08,6.07E+09,2.74E-03,7.68E+24,6.86E+05,2.99E+11,3.26E+01,5.33E+00,1.15E-16,r,4.6
296,4.42E+08,6.18E+09,2.79E-03,7.68E+24,6.90E+05,3.06E+11,3.32E+01,5.32E+00,1.25E-16,r,4.6
297,4.42E+08,6.29E+09,2.84E-03,7.68E+24,6.93E+05,3.14E+11,3.38E+01,5.30E+00,1.35E-16,r,4.6
298,4.41E+08,6.40E+09,2.90E-03,7.68E+24,6.97E+05,3.21E+11,3.44E+01,5.29E+00,1.46E-16,r,4.6
299,4.40E+08,6.52E+09,2.95E-03,7.68E+24,7.00E+05,3.28E+11,3.50E+01,5.27E+00,1.58E-16,r,4.6
300,4.40E+08,6.64E+09,3.00E-03,7.68E+24,7.04E+05,3.36E+11,3.56E+01,5.26E+00,1.71E-16,r,4.6
301,4.39E+08,6.75E+09,3.06E-03,7.68E+24,7.07E+05,3.44E+11,3.63E+01,5.24E+00,1.85E-16,r,4.6
302,4.38E+08,6.87E+09,3.11E-03,7.68E+24,7.11E+05,3.52E+11,3.69E+01,5.23E+00,2.00E-16,r,4.6
303,4.38E+08,7.00E+09,3.17E-03,7.68E+24,7.15E+05,3.60E+11,3.76E+01,5.22E+00,2.16E-16,r,4.6
304,4.37E+08,7.12E+09,3.23E-03,7.68E+24,7.18E+05,3.68E+11,3.83E+01,5.20E+00,2.33E-16,r,4.6
305,4.37E+08,7.25E+09,3.29E-03,7.68E+24,7.22E+05,3.76E+11,3.89E+01,5.19E+00,2.51E-16,r,4.6
306,4.36E+08,7.37E+09,3.35E-03,7.68E+24,7.25E+05,3.85E+11,3.96E+01,5.17E+00,2.72E-16,r,4.6
307,4.35E+08,7.50E+09,3.41E-03,7.68E+24,7.29E+05,3.94E+11,4.03E+01,5.16E+00,2.93E-16,r,4.5
308,4.35E+08,7.63E+09,3.47E-03,7.68E+24,7.32E+05,4.03E+11,4.10E+01,5.14E+00,3.16E-16,r,4.5
309,4.34E+08,7.77E+09,3.53E-03,7.68E+24,7.36E+05,4.12E+11,4.18E+01,5.13E+00,3.41E-16,r,4.5
310,4.33E+08,7.90E+09,3.59E-03,7.68E+24,7.40E+05,4.21E+11,4.25E+01,5.12E+00,3.68E-16,r,4.5
311,4.33E+08,8.04E+09,3.65E-03,7.68E+24,7.43E+05,4.31E+11,4.33E+01,5.10E+00,3.97E-16,r,4.5
312,4.32E+08,8.18E+09,3.72E-03,7.68E+24,7.47E+05,4.40E+11,4.40E+01,5.09E+00,4.28E-16,r,4.5
313,4.32E+08,8.32E+09,3.78E-03,7.68E+24,7.51E+05,4.50E+11,4.48E+01,5.08E+00,4.61E-16,r,4.5
314,4.31E+08,8.47E+09,3.85E-03,7.68E+24,7.54E+05,4.60E+11,4.56E+01,5.06E+00,4.96E-16,r,4.5
315,4.30E+08,8.61E+09,3.92E-03,7.68E+24,7.58E+05,4.71E+11,4.64E+01,5.05E+00,5.35E-16,r,4.5
316,4.30E+08,8.76E+09,3.99E-03,7.68E+24,7.62E+05,4.81E+11,4.72E+01,5.03E+00,5.76E-16,r,4.5
317,4.29E+08,8.91E+09,4.06E-03,7.68E+24,7.65E+05,4.92E+11,4.80E+01,5.02E+00,6.20E-16,r,4.5
318,4.28E+08,9.06E+09,4.13E-03,7.68E+24,7.69E+05,5.03E+11,4.88E+01,5.01E+00,6.67E-16,r,4.5
319,4.28E+08,9.22E+09,4.20E-03,7.68E+24,7.73E+05,5.14E+11,4.97E+01,4.99E+00,7.18E-16,r,4.5
320,4.27E+08,9.37E+09,4.27E-03,7.68E+24,7.77E+05,5.25E+11,5.05E+01,4.98E+00,7.73E-16,r,4.5
321,4.27E+08,9.53E+09,4.34E-03,7.68E+24,7.80E+05,5.37E+11,5.14E+01,4.97E+00,8.31E-16,r,4.5
322,4.26E+08,9.69E+09,4.42E-03,7.68E+24,7.84E+05,5.49E+11,5.23E+01,4.96E+00,8.94E-16,r,4.5
323,4.25E+08,9.86E+09,4.49E-03,7.68E+24,7.88E+05,5.61E+11,5.32E+01,4.94E+00,9.61E-16,r,4.5
324,4.25E+08,1.00E+10,4.57E-03,7.68E+24,7.92E+05,5.73E+11,5.41E+01,4.93E+00,1.03E-15,r,4.5
325,4.24E+08,1.02E+10,4.65E-03,7.68E+24,7.95E+05,5.86E+11,5.50E+01,4.92E+00,1.11E-15,r,4.5
326,4.23E+08,1.04E+10,4.73E-03,7.68E+24,7.99E+05,5.99E+11,5.59E+01,4.90E+00,1.19E-15,r,4.5
327,4.23E+08,1.05E+10,4.81E-03,7.68E+24,8.03E+05,6.12E+11,5.69E+01,4.89E+00,1.28E-15,r,4.5
328,4.22E+08,1.07E+10,4.89E-03,7.68E+24,8.07E+05,6.25E+11,5.79E+01,4.88E+00,1.38E-15,r,4.5
329,4.22E+08,1.09E+10,4.97E-03,7.68E+24,8.11E+05,6.39E+11,5.88E+01,4.87E+00,1.48E-15,r,4.5
330,4.21E+08,1.11E+10,5.05E-03,7.68E+24,8.15E+05,6.53E+11,5.98E+01,4.85E+00,1.59E-15,r,4.5
331,4.20E+08,1.13E+10,5.14E-03,7.68E+24,8.18E+05,6.67E+11,6.08E+01,4.84E+00,1.70E-15,r,4.5
332,4.20E+08,1.14E+10,5.22E-03,7.68E+24,8.22E+05,6.81E+11,6.19E+01,4.83E+00,1.83E-15,r,4.5
333,4.19E+08,1.16E+10,5.31E-03,7.68E+24,8.26E+05,6.96E+11,6.29E+01,4.82E+00,1.96E-15,r,4.5
334,4.18E+08,1.18E+10,5.40E-03,7.68E+24,8.30E+05,7.11E+11,6.40E+01,4.80E+00,2.10E-15,r,4.5
335,4.18E+08,1.20E+10,5.48E-03,7.68E+24,8.34E+05,7.26E+11,6.50E+01,4.79E+00,2.25E-15,r,4.5
336,4.17E+08,1.22E+10,5.57E-03,7.68E+24,8.38E+05,7.42E+11,6.61E+01,4.78E+00,2.41E-15,r,4.5
337,4.17E+08,1.24E+10,5.67E-03,7.68E+24,8.42E+05,7.58E+11,6.72E+01,4.77E+00,2.59E-15,r,4.5
338,4.16E+08,1.26E+10,5.76E-03,7.68E+24,8.46E+05,7.74E+11,6.84E+01,4.75E+00,2.77E-15,r,4.5
339,4.15E+08,1.28E+10,5.85E-03,7.68E+24,8.50E+05,7.91E+11,6.95E+01,4.74E+00,2.97E-15,r,4.5
340,4.15E+08,1.30E+10,5.95E-03,7.68E+24,8.54E+05,8.08E+11,7.06E+01,4.73E+00,3.18E-15,r,4.5
341,4.14E+08,1.32E+10,6.04E-03,7.68E+24,8.58E+05,8.25E+11,7.18E+01,4.72E+00,3.41E-15,r,4.5
342,4.13E+08,1.35E+10,6.14E-03,7.68E+24,8.62E+05,8.42E+11,7.30E+01,4.71E+00,3.65E-15,r,4.5
343,4.13E+08,1.37E+10,6.24E-03,7.68E+24,8.66E+05,8.60E+11,7.42E+01,4.69E+00,3.91E-15,r,4.5
344,4.12E+08,1.39E+10,6.34E-03,7.68E+24,8.70E+05,8.79E+11,7.54E+01,4.68E+00,4.18E-15,r,4.5
345,4.11E+08,1.41E+10,6.44E-03,7.68E+24,8.74E+05,8.97E+11,7.67E+01,4.67E+00,4.47E-15,r,4.5
346,4.11E+08,1.43E+10,6.55E-03,7.68E+24,8.78E+05,9.16E+11,7.79E+01,4.66E+00,4.79E-15,r,4.5
347,4.10E+08,1.46E+10,6.65E-03,7.68E+24,8.82E+05,9.36E+11,7.92E+01,4.65E+00,5.12E-15,r,4.5
348,4.10E+08,1.48E+10,6.76E-03,7.68E+24,8.86E+05,9.55E+11,8.05E+01,4.63E+00,5.48E-15,r,4.5
349,4.09E+08,1.50E+10,6.87E-03,7.68E+24,8.90E+05,9.75E+11,8.18E+01,4.62E+00,5.86E-15,r,4.5
350,4.08E+08,1.53E+10,6.97E-03,7.68E+24,8.94E+05,9.96E+11,8.32E+01,4.61E+00,6.26E-15,r,4.5
351,4.08E+08,1.55E+10,7.08E-03,7.68E+24,8.98E+05,1.02E+12,8.45E+01,4.60E+00,6.69E-15,r,4.5
352,4.07E+08,1.58E+10,7.20E-03,7.68E+24,9.02E+05,1.04E+12,8.59E+01,4.59E+00,7.15E-15,r,4.5
353,4.06E+08,1.60E+10,7.31E-03,7.68E+24,9.06E+05,1.06E+12,8.73E+01,4.58E+00,7.64E-15,r,4.5
354,4.06E+08,1.63E+10,7.42E-03,7.68E+24,9.11E+05,1.08E+12,8.87E+01,4.57E+00,8.16E-15,r,4.5
355,4.05E+08,1.65E+10,7.54E-03,7.68E+24,9.15E+05,1.10E+12,9.02E+01,4.55E+00,8.72E-15,r,4.5
356,4.05E+08,1.68E+10,7.66E-03,7.68E+24,9.19E+05,1.13E+12,9.16E+01,4.54E+00,9.31E-15,r,4.5
357,4.04E+08,1.70E+10,7.78E-03,7.68E+24,9.23E+05,1.15E+12,9.31E+01,4.53E+00,9.94E-15,r,4.5
358,4.03E+08,1.73E+10,7.90E-03,7.68E+24,9.27E+05,1.18E+12,9.46E+01,4.52E+00,1.06E-14,r,4.5
359,4.03E+08,1.76E+10,8.02E-03,7.68E+24,9.31E+05,1.20E+12,9.61E+01,4.51E+00,1.13E-14,r,4.5
360,4.02E+08,1.79E+10,8.14E-03,7.68E+24,9.36E+05,1.22E+12,9.77E+01,4.50E+00,1.21E-14,r,4.5
361,4.01E+08,1.81E+10,8.27E-03,7.68E+24,9.40E+05,1.25E+12,9.92E+01,4.49E+00,1.29E-14,r,4.5
362,4.01E+08,1.84E+10,8.40E-03,7.68E+24,9.44E+05,1.28E+12,1.01E+02,4.48E+00,1.38E-14,r,4.5
363,4.00E+08,1.87E+10,8.53E-03,7.68E+24,9.48E+05,1.30E+12,1.02E+02,4.47E+00,1.47E-14,r,4.5
364,4.00E+08,1.90E+10,8.66E-03,7.68E+24,9.53E+05,1.33E+12,1.04E+02,4.45E+00,1.57E-14,r,4.5
365,3.99E+08,1.93E+10,8.79E-03,7.68E+24,9.57E+05,1.36E+12,1.06E+02,4.44E+00,1.67E-14,r,4.5
366,3.98E+08,1.96E+10,8.92E-03,7.68E+24,9.61E+05,1.38E+12,1.07E+02,4.43E+00,1.78E-14,r,4.5
367,3.98E+08,1.99E+10,9.06E-03,7.68E+24,9.65E+05,1.41E+12,1.09E+02,4.42E+00,1.90E-14,r,4.5
368,3.97E+08,2.02E+10,9.19E-03,7.68E+24,9.70E+05,1.44E+12,1.11E+02,4.41E+00,2.02E-14,r,4.5
369,3.96E+08,2.05E+10,9.33E-03,7.68E+24,9.74E+05,1.47E+12,1.13E+02,4.40E+00,2.15E-14,r,4.5
370,3.96E+08,2.08E+10,9.47E-03,7.68E+24,9.78E+05,1.50E+12,1.14E+02,4.39E+00,2.30E-14,r,4.5
371,3.95E+08,2.11E+10,9.62E-03,7.68E+24,9.83E+05,1.53E+12,1.16E+02,4.38E+00,2.45E-14,r,4.5
372,3.95E+08,2.14E+10,9.76E-03,7.68E+24,9.87E+05,1.56E+12,1.18E+02,4.37E+00,2.60E-14,r,4.5
373,3.94E+08,2.18E+10,9.91E-03,7.68E+24,9.92E+05,1.59E+12,1.20E+02,4.36E+00,2.77E-14,r,4.5
374,3.93E+08,2.21E+10,1.01E-02,7.68E+24,9.96E+05,1.63E+12,1.22E+02,4.35E+00,2.95E-14,r,4.5
375,3.87E+08,2.57E+10,1.16E-02,7.68E+24,1.04E+06,1.99E+12,1.43E+02,4.24E+00,5.60E-14,r,4.5
376,3.81E+08,2.97E+10,1.34E-02,7.68E+24,1.09E+06,2.44E+12,1.67E+02,4.14E+00,1.04E-13,r,4.5
377,3.74E+08,3.44E+10,1.53E-02,7.68E+24,1.14E+06,2.98E+12,1.95E+02,4.04E+00,1.91E-13,r,4.5
378,3.68E+08,3.96E+10,1.76E-02,7.68E+24,1.19E+06,3.63E+12,2.28E+02,3.94E+00,3.44E-13,r,4.5
379,3.62E+08,4.57E+10,2.01E-02,7.68E+24,1.24E+06,4.41E+12,2.65E+02,3.85E+00,6.15E-13,r,4.5
380,3.56E+08,5.25E+10,2.29E-02,7.68E+24,1.30E+06,5.34E+12,3.08E+02,3.76E+00,1.09E-12,r,4.5
381,3.49E+08,6.02E+10,2.60E-02,7.68E+24,1.35E+06,6.47E+12,3.57E+02,3.68E+00,1.89E-12,r,4.5
382,3.43E+08,6.90E+10,2.96E-02,7.68E+24,1.41E+06,7.82E+12,4.14E+02,3.59E+00,3.27E-12,r,4.5
383,3.37E+08,7.90E+10,3.35E-02,7.68E+24,1.47E+06,9.43E+12,4.79E+02,3.51E+00,5.58E-12,r,4.5
384,3.31E+08,9.02E+10,3.79E-02,7.68E+24,1.53E+06,1.14E+13,5.54E+02,3.43E+00,9.45E-12,r,4.5
385,3.24E+08,1.03E+11,4.27E-02,7.68E+24,1.60E+06,1.37E+13,6.39E+02,3.35E+00,1.59E-11,r,4.4
386,3.18E+08,1.17E+11,4.81E-02,7.68E+24,1.67E+06,1.64E+13,7.37E+02,3.28E+00,2.64E-11,r,4.4
387,3.12E+08,1.33E+11,5.41E-02,7.68E+24,1.73E+06,1.97E+13,8.49E+02,3.20E+00,4.35E-11,r,4.4
388,3.05E+08,1.51E+11,6.07E-02,7.68E+24,1.81E+06,2.36E+13,9.77E+02,3.13E+00,7.13E-11,r,4.4
389,2.99E+08,1.72E+11,6.80E-02,7.68E+24,1.88E+06,2.83E+13,1.12E+03,3.06E+00,1.16E-10,r,4.4
390,2.93E+08,1.95E+11,7.60E-02,7.68E+24,1.96E+06,3.38E+13,1.29E+03,2.99E+00,1.87E-10,r,4.4
391,2.87E+08,2.20E+11,8.48E-02,7.68E+24,2.04E+06,4.04E+13,1.48E+03,2.92E+00,3.00E-10,r,4.4
392,2.80E+08,2.49E+11,9.44E-02,7.68E+24,2.12E+06,4.82E+13,1.70E+03,2.85E+00,4.77E-10,r,4.4
393,2.74E+08,2.81E+11,1.05E-01,7.68E+24,2.21E+06,5.75E+13,1.94E+03,2.78E+00,7.55E-10,r,4.4
394,2.68E+08,3.17E+11,1.17E-01,7.68E+24,2.30E+06,6.85E+13,2.23E+03,2.72E+00,1.19E-09,r,4.3
395,2.62E+08,3.57E+11,1.29E-01,7.68E+24,2.39E+06,8.16E+13,2.54E+03,2.65E+00,1.86E-09,r,4.3
396,2.55E+08,4.02E+11,1.43E-01,7.68E+24,2.49E+06,9.70E+13,2.91E+03,2.58E+00,2.89E-09,r,4.3
397,2.49E+08,4.51E+11,1.58E-01,7.68E+24,2.59E+06,1.15E+14,3.32E+03,2.52E+00,4.46E-09,r,4.3
398,2.43E+08,5.07E+11,1.74E-01,7.68E+24,2.70E+06,1.37E+14,3.78E+03,2.45E+00,6.85E-09,r,4.3
399,2.37E+08,5.68E+11,1.91E-01,7.68E+24,2.81E+06,1.62E+14,4.31E+03,2.39E+00,1.05E-08,r,4.3
400,2.30E+08,6.36E+11,2.10E-01,7.68E+24,2.92E+06,1.92E+14,4.90E+03,2.32E+00,1.59E-08,r,4.2
401,2.24E+08,7.11E+11,2.30E-01,7.68E+24,3.04E+06,2.26E+14,5.57E+03,2.26E+00,2.40E-08,r,4.2
402,2.18E+08,7.94E+11,2.52E-01,7.68E+24,3.16E+06,2.67E+14,6.31E+03,2.20E+00,3.60E-08,r,4.2
403,2.11E+08,8.85E+11,2.75E-01,7.68E+24,3.29E+06,3.15E+14,7.15E+03,2.13E+00,5.36E-08,r,4.1
404,2.05E+08,9.86E+11,3.00E-01,7.67E+24,3.42E+06,3.70E+14,8.08E+03,2.07E+00,7.95E-08,r,4.1
405,1.99E+08,1.10E+12,3.26E-01,7.67E+24,3.56E+06,4.34E+14,9.12E+03,2.00E+00,1.17E-07,r,4.1
406,1.93E+08,1.22E+12,3.53E-01,7.67E+24,3.70E+06,5.09E+14,1.03E+04,1.94E+00,1.71E-07,r,4
407,1.86E+08,1.35E+12,3.82E-01,7.66E+24,3.84E+06,5.94E+14,1.16E+04,1.88E+00,2.48E-07,r,4
408,1.80E+08,1.49E+12,4.12E-01,7.65E+24,4.00E+06,6.92E+14,1.30E+04,1.81E+00,3.58E-07,r,3.9
409,1.74E+08,1.64E+12,4.44E-01,7.64E+24,4.15E+06,8.05E+14,1.45E+04,1.75E+00,5.12E-07,r,3.9
410,1.68E+08,1.80E+12,4.77E-01,7.62E+24,4.31E+06,9.32E+14,1.61E+04,1.68E+00,7.26E-07,r,3.8
411,1.61E+08,1.98E+12,5.10E-01,7.59E+24,4.48E+06,1.08E+15,1.79E+04,1.62E+00,1.02E-06,r,3.8
412,1.55E+08,2.17E+12,5.45E-01,7.55E+24,4.65E+06,1.24E+15,1.99E+04,1.55E+00,1.43E-06,r,3.7
413,1.49E+08,2.37E+12,5.80E-01,7.49E+24,4.82E+06,1.42E+15,2.19E+04,1.49E+00,1.97E-06,r,3.7
414,1.42E+08,2.58E+12,6.15E-01,7.41E+24,5.00E+06,1.62E+15,2.41E+04,1.43E+00,2.69E-06,r,3.6
415,1.36E+08,2.80E+12,6.51E-01,7.30E+24,5.19E+06,1.83E+15,2.64E+04,1.36E+00,3.65E-06,r,3.5
416,1.30E+08,3.03E+12,6.86E-01,7.15E+24,5.37E+06,2.07E+15,2.88E+04,1.30E+00,4.88E-06,r,3.5
417,1.24E+08,3.27E+12,7.20E-01,6.96E+24,5.56E+06,2.33E+15,3.13E+04,1.24E+00,6.46E-06,r,3.4
418,1.17E+08,3.51E+12,7.54E-01,6.71E+24,5.75E+06,2.60E+15,3.38E+04,1.19E+00,8.44E-06,r,3.3
419,1.11E+08,3.77E+12,7.86E-01,6.40E+24,5.94E+06,2.89E+15,3.63E+04,1.13E+00,1.09E-05,r,3.3
420,1.05E+08,4.03E+12,8.17E-01,6.02E+24,6.13E+06,3.19E+15,3.89E+04,1.08E+00,1.39E-05,r,3.2
421,9.85E+07,4.29E+12,8.46E-01,5.58E+24,6.31E+06,3.50E+15,4.14E+04,1.03E+00,1.74E-05,r,3.1
422,9.22E+07,4.56E+12,8.72E-01,5.06E+24,6.49E+06,3.81E+15,4.39E+04,9.81E-01,2.15E-05,r,3.1
423,8.59E+07,4.83E+12,8.97E-01,4.48E+24,6.67E+06,4.13E+15,4.63E+04,9.39E-01,2.61E-05,r,3
424,7.97E+07,5.11E+12,9.19E-01,3.86E+24,6.83E+06,4.44E+15,4.85E+04,8.99E-01,3.13E-05,r,2.9
425,7.34E+07,5.38E+12,9.38E-01,3.20E+24,6.99E+06,4.74E+15,5.06E+04,8.64E-01,3.68E-05,r,2.9
426,6.71E+07,5.66E+12,9.55E-01,2.55E+24,7.13E+06,5.01E+15,5.25E+04,8.32E-01,4.24E-05,r,2.8
427,6.08E+07,5.93E+12,9.69E-01,1.91E+24,7.26E+06,5.27E+15,5.42E+04,8.05E-01,4.81E-05,r,2.7
428,5.46E+07,6.20E+12,9.81E-01,1.34E+24,7.37E+06,5.48E+15,5.55E+04,7.81E-01,5.33E-05,r,2.6
429,4.83E+07,6.47E+12,9.90E-01,8.34E+23,7.46E+06,5.65E+15,5.65E+04,7.61E-01,5.78E-05,c,2.5
430,4.20E+07,6.74E+12,9.96E-01,4.31E+23,7.52E+06,5.75E+15,5.71E+04,7.44E-01,6.12E-05,c,2
431,3.58E+07,7.00E+12,1.00E+00,1.36E+23,7.54E+06,5.77E+15,5.70E+04,7.33E-01,6.25E-05,c,0.8
432,2.95E+07,7.26E+12,1.00E+00,-5.50E+22,7.51E+06,5.67E+15,5.61E+04,7.27E-01,6.10E-05,c,-13.1
433,2.32E+07,7.51E+12,1.01E+00,-1.57E+23,7.45E+06,5.35E+15,5.37E+04,7.28E-01,5.50E-05,r,9.7
434,1.69E+07,7.74E+12,1.01E+00,-1.96E+23,7.29E+06,4.58E+15,4.73E+04,7.03E-01,4.33E-05,r,7.7
435,1.07E+07,7.90E+12,1.01E+00,-2.03E+23,6.84E+06,2.28E+15,2.89E+04,5.61E-01,1.97E-05,r,9.7
436,0.00E+00,7.52E+14,1.01E+00,-2.03E+23,-6.84E+06,3.33E+16,-1.40E+06,-9.99E+01,2.86E-05,*,-99.9