0,1.18E+09,0.00E+00,0.00E+00,9.75E+27,0.00E+00,0.00E+00,0.00E+00,0.00E+00,0.00E+00,r,99.9
1,1.18E+09,2.97E-02,4.21E-14,9.75E+27,4.07E+03,5.22E-01,8.31E-09,6.04E+00,4.316-100,r,1
2,1.18E+09,6.12E-02,7.78E-14,9.75E+27,1.10E+04,2.16E+00,1.11E-08,2.68E-01,2.62E-74,c,1.1
3,1.18E+09,6.53E-02,1.79E-13,9.75E+27,1.79E+04,6.84E+00,3.02E-08,1.28E-01,4.43E-64,c,2.3
4,1.18E+09,7.57E-02,3.86E-13,9.75E+27,2.14E+04,1.64E+01,6.58E-08,2.09E-01,9.68E-64,r,99.9
5,1.18E+09,9.91E-02,8.44E-13,9.75E+27,2.14E+04,3.76E+01,1.31E-07,1.97E-01,2.83E-60,r,99.9
6,1.18E+09,1.33E-01,1.42E-12,9.75E+27,2.14E+04,6.45E+01,1.48E-07,2.14E-01,3.21E-60,r,99.9
7,1.18E+09,1.62E-01,1.93E-12,9.75E+27,2.14E+04,8.84E+01,1.05E-07,1.70E-01,2.30E-60,r,99.9
8,1.18E+09,2.27E-01,2.85E-12,9.75E+27,2.15E+04,1.31E+02,2.78E-07,3.30E-01,6.24E-60,r,99.9
9,1.17E+09,4.99E-01,4.95E-12,9.75E+27,2.15E+04,2.30E+02,6.19E-07,5.93E-01,1.51E-59,r,99.9
10,1.17E+09,1.59E+00,9.64E-12,9.75E+27,2.17E+04,4.52E+02,1.38E-06,1.07E+00,4.63E-59,r,82
11,1.17E+09,5.57E+00,1.99E-11,9.75E+27,2.23E+04,9.40E+02,2.97E-06,1.76E+00,3.09E-58,r,24.8
12,1.17E+09,1.69E+01,4.11E-11,9.75E+27,2.39E+04,1.95E+03,5.88E-06,2.36E+00,9.99E-57,r,9.8
13,1.17E+09,4.08E+01,8.06E-11,9.75E+27,2.66E+04,3.84E+03,1.05E-05,2.54E+00,1.16E-54,r,5.9
14,1.17E+09,8.15E+01,1.48E-10,9.75E+27,3.00E+04,7.06E+03,1.71E-05,2.47E+00,1.50E-52,r,4.8
15,1.17E+09,1.43E+02,2.53E-10,9.75E+27,3.36E+04,1.22E+04,2.64E-05,2.35E+00,1.19E-50,r,4.5
16,1.17E+09,2.31E+02,4.12E-10,9.75E+27,3.73E+04,1.99E+04,3.88E-05,2.23E+00,5.75E-49,r,4.4
17,1.17E+09,3.51E+02,6.41E-10,9.75E+27,4.11E+04,3.10E+04,5.50E-05,2.12E+00,1.80E-47,r,4.4
18,1.16E+09,5.10E+02,9.60E-10,9.75E+27,4.49E+04,4.66E+04,7.58E-05,2.01E+00,3.90E-46,r,4.4
19,1.16E+09,7.16E+02,1.39E-09,9.75E+27,4.87E+04,6.77E+04,1.02E-04,1.92E+00,6.24E-45,r,4.5
20,1.16E+09,9.78E+02,1.96E-09,9.75E+27,5.26E+04,9.59E+04,1.34E-04,1.84E+00,7.70E-44,r,4.5
21,1.16E+09,1.30E+03,2.71E-09,9.75E+27,5.64E+04,1.33E+05,1.72E-04,1.77E+00,7.65E-43,r,4.5
22,1.16E+09,1.70E+03,3.65E-09,9.75E+27,6.03E+04,1.80E+05,2.19E-04,1.70E+00,6.29E-42,r,4.5
23,1.16E+09,2.19E+03,4.85E-09,9.75E+27,6.41E+04,2.39E+05,2.74E-04,1.64E+00,4.40E-41,r,4.5
24,1.16E+09,2.77E+03,6.32E-09,9.75E+27,6.80E+04,3.13E+05,3.38E-04,1.58E+00,2.67E-40,r,4.5
25,1.16E+09,3.46E+03,8.13E-09,9.75E+27,7.19E+04,4.04E+05,4.13E-04,1.53E+00,1.43E-39,r,4.5
26,1.15E+09,4.28E+03,1.03E-08,9.75E+27,7.58E+04,5.15E+05,4.99E-04,1.49E+00,6.89E-39,r,4.5
27,1.15E+09,5.23E+03,1.30E-08,9.75E+27,7.97E+04,6.49E+05,5.99E-04,1.44E+00,3.01E-38,r,4.5
28,1.15E+09,6.33E+03,1.61E-08,9.75E+27,8.36E+04,8.08E+05,7.11E-04,1.40E+00,1.20E-37,r,4.5
29,1.15E+09,7.60E+03,1.98E-08,9.75E+27,8.75E+04,9.98E+05,8.39E-04,1.37E+00,4.44E-37,r,4.5
30,1.15E+09,9.06E+03,2.42E-08,9.75E+27,9.15E+04,1.22E+06,9.83E-04,1.33E+00,1.53E-36,r,4.6
31,1.15E+09,1.07E+04,2.93E-08,9.75E+27,9.54E+04,1.48E+06,1.14E-03,1.30E+00,4.93E-36,r,4.6
32,1.15E+09,1.26E+04,3.51E-08,9.75E+27,9.94E+04,1.79E+06,1.33E-03,1.27E+00,1.50E-35,r,4.6
33,1.15E+09,1.47E+04,4.19E-08,9.75E+27,1.03E+05,2.14E+06,1.53E-03,1.24E+00,4.33E-35,r,4.6
34,1.15E+09,1.71E+04,4.97E-08,9.75E+27,1.07E+05,2.54E+06,1.75E-03,1.21E+00,1.19E-34,r,4.6
35,1.14E+09,1.97E+04,5.85E-08,9.75E+27,1.11E+05,3.01E+06,1.99E-03,1.19E+00,3.13E-34,r,4.6
36,1.14E+09,2.27E+04,6.85E-08,9.75E+27,1.15E+05,3.53E+06,2.26E-03,1.16E+00,7.88E-34,r,4.6
37,1.14E+09,2.60E+04,7.99E-08,9.75E+27,1.19E+05,4.13E+06,2.56E-03,1.14E+00,1.91E-33,r,4.6
38,1.14E+09,2.96E+04,9.27E-08,9.75E+27,1.23E+05,4.81E+06,2.88E-03,1.12E+00,4.47E-33,r,4.6
39,1.14E+09,3.36E+04,1.07E-07,9.75E+27,1.27E+05,5.58E+06,3.23E-03,1.10E+00,1.01E-32,r,4.6
40,1.14E+09,3.80E+04,1.23E-07,9.75E+27,1.31E+05,6.43E+06,3.62E-03,1.08E+00,2.22E-32,r,4.6
41,1.14E+09,4.28E+04,1.41E-07,9.75E+27,1.35E+05,7.39E+06,4.03E-03,1.06E+00,4.73E-32,r,4.6
42,1.14E+09,4.81E+04,1.61E-07,9.75E+27,1.40E+05,8.46E+06,4.48E-03,1.04E+00,9.82E-32,r,4.6
43,1.13E+09,5.39E+04,1.83E-07,9.75E+27,1.44E+05,9.65E+06,4.97E-03,1.02E+00,1.99E-31,r,4.6
44,1.13E+09,6.01E+04,2.07E-07,9.75E+27,1.48E+05,1.10E+07,5.49E-03,1.01E+00,3.93E-31,r,4.6
45,1.13E+09,6.70E+04,2.34E-07,9.75E+27,1.52E+05,1.24E+07,6.06E-03,9.90E-01,7.59E-31,r,4.6
46,1.13E+09,7.44E+04,2.63E-07,9.75E+27,1.56E+05,1.41E+07,6.67E-03,9.75E-01,1.44E-30,r,4.6
47,1.13E+09,8.24E+04,2.96E-07,9.75E+27,1.60E+05,1.58E+07,7.32E-03,9.60E-01,2.66E-30,r,4.6
48,1.13E+09,9.10E+04,3.31E-07,9.75E+27,1.64E+05,1.78E+07,8.02E-03,9.46E-01,4.85E-30,r,4.6
49,1.13E+09,1.00E+05,3.70E-07,9.75E+27,1.68E+05,1.99E+07,8.77E-03,9.32E-01,8.66E-30,r,4.6
50,1.13E+09,1.10E+05,4.12E-07,9.75E+27,1.72E+05,2.23E+07,9.56E-03,9.19E-01,1.52E-29,r,4.6
51,1.13E+09,1.21E+05,4.57E-07,9.75E+27,1.76E+05,2.48E+07,1.04E-02,9.07E-01,2.64E-29,r,4.6
52,1.12E+09,1.33E+05,5.07E-07,9.75E+27,1.81E+05,2.76E+07,1.13E-02,8.94E-01,4.49E-29,r,4.6
53,1.12E+09,1.45E+05,5.61E-07,9.75E+27,1.85E+05,3.07E+07,1.23E-02,8.83E-01,7.55E-29,r,4.6
54,1.12E+09,1.58E+05,6.19E-07,9.75E+27,1.89E+05,3.40E+07,1.33E-02,8.71E-01,1.25E-28,r,4.6
55,1.12E+09,1.73E+05,6.82E-07,9.75E+27,1.93E+05,3.76E+07,1.44E-02,8.60E-01,2.05E-28,r,4.6
56,1.12E+09,1.88E+05,7.50E-07,9.75E+27,1.97E+05,4.14E+07,1.56E-02,8.50E-01,3.30E-28,r,4.6
57,1.12E+09,2.04E+05,8.23E-07,9.75E+27,2.01E+05,4.56E+07,1.68E-02,8.39E-01,5.28E-28,r,4.6
58,1.12E+09,2.21E+05,9.02E-07,9.75E+27,2.06E+05,5.02E+07,1.81E-02,8.29E-01,8.33E-28,r,4.6
59,1.12E+09,2.39E+05,9.86E-07,9.75E+27,2.10E+05,5.51E+07,1.94E-02,8.20E-01,1.30E-27,r,4.6
60,1.11E+09,2.59E+05,1.08E-06,9.75E+27,2.14E+05,6.03E+07,2.09E-02,8.10E-01,2.01E-27,r,4.6
61,1.11E+09,2.80E+05,1.17E-06,9.75E+27,2.18E+05,6.60E+07,2.24E-02,8.01E-01,3.07E-27,r,4.6
62,1.11E+09,3.01E+05,1.28E-06,9.75E+27,2.23E+05,7.21E+07,2.40E-02,7.92E-01,4.65E-27,r,4.6
63,1.11E+09,3.25E+05,1.39E-06,9.75E+27,2.27E+05,7.86E+07,2.57E-02,7.84E-01,6.99E-27,r,4.6
64,1.11E+09,3.49E+05,1.51E-06,9.75E+27,2.31E+05,8.56E+07,2.74E-02,7.75E-01,1.04E-26,r,4.6
65,1.11E+09,3.75E+05,1.63E-06,9.75E+27,2.35E+05,9.31E+07,2.93E-02,7.67E-01,1.53E-26,r,4.6
66,1.11E+09,4.02E+05,1.77E-06,9.75E+27,2.40E+05,1.01E+08,3.13E-02,7.59E-01,2.25E-26,r,4.6
67,1.11E+09,4.31E+05,1.91E-06,9.75E+27,2.44E+05,1.10E+08,3.33E-02,7.52E-01,3.26E-26,r,4.6
68,1.11E+09,4.62E+05,2.06E-06,9.75E+27,2.48E+05,1.19E+08,3.55E-02,7.44E-01,4.70E-26,r,4.6
69,1.10E+09,4.94E+05,2.22E-06,9.75E+27,2.53E+05,1.29E+08,3.77E-02,7.37E-01,6.73E-26,r,4.6
70,1.10E+09,5.27E+05,2.39E-06,9.75E+27,2.57E+05,1.39E+08,4.01E-02,7.29E-01,9.56E-26,r,4.6
71,1.10E+09,5.63E+05,2.58E-06,9.75E+27,2.61E+05,1.50E+08,4.26E-02,7.23E-01,1.35E-25,r,4.6
72,1.10E+09,6.00E+05,2.77E-06,9.75E+27,2.66E+05,1.62E+08,4.52E-02,7.16E-01,1.89E-25,r,4.6
73,1.10E+09,6.40E+05,2.97E-06,9.75E+27,2.70E+05,1.74E+08,4.79E-02,7.09E-01,2.64E-25,r,4.6
74,1.10E+09,6.81E+05,3.19E-06,9.75E+27,2.74E+05,1.88E+08,5.07E-02,7.03E-01,3.65E-25,r,4.6
75,1.10E+09,7.24E+05,3.41E-06,9.75E+27,2.79E+05,2.02E+08,5.37E-02,6.96E-01,5.03E-25,r,4.6
76,1.10E+09,7.69E+05,3.65E-06,9.75E+27,2.83E+05,2.17E+08,5.68E-02,6.90E-01,6.88E-25,r,4.6
77,1.09E+09,8.17E+05,3.91E-06,9.75E+27,2.87E+05,2.32E+08,6.00E-02,6.84E-01,9.37E-25,r,4.6
78,1.09E+09,8.66E+05,4.17E-06,9.75E+27,2.92E+05,2.49E+08,6.33E-02,6.78E-01,1.27E-24,r,4.6
79,1.09E+09,9.18E+05,4.45E-06,9.75E+27,2.96E+05,2.67E+08,6.68E-02,6.72E-01,1.71E-24,r,4.6
80,1.09E+09,9.73E+05,4.75E-06,9.75E+27,3.01E+05,2.86E+08,7.05E-02,6.67E-01,2.29E-24,r,4.6
81,1.09E+09,1.03E+06,5.06E-06,9.75E+27,3.05E+05,3.05E+08,7.43E-02,6.61E-01,3.06E-24,r,4.6
82,1.09E+09,1.09E+06,5.39E-06,9.75E+27,3.10E+05,3.26E+08,7.82E-02,6.56E-01,4.06E-24,r,4.6
83,1.09E+09,1.15E+06,5.73E-06,9.75E+27,3.14E+05,3.48E+08,8.23E-02,6.50E-01,5.37E-24,r,4.6
84,1.09E+09,1.22E+06,6.09E-06,9.75E+27,3.18E+05,3.72E+08,8.66E-02,6.45E-01,7.07E-24,r,4.6
85,1.08E+09,1.28E+06,6.47E-06,9.75E+27,3.23E+05,3.96E+08,9.10E-02,6.40E-01,9.26E-24,r,4.6
86,1.08E+09,1.35E+06,6.86E-06,9.75E+27,3.27E+05,4.22E+08,9.56E-02,6.35E-01,1.21E-23,r,4.6
87,1.08E+09,1.43E+06,7.28E-06,9.75E+27,3.32E+05,4.49E+08,1.00E-01,6.30E-01,1.57E-23,r,4.6
88,1.08E+09,1.50E+06,7.72E-06,9.75E+27,3.36E+05,4.78E+08,1.05E-01,6.25E-01,2.03E-23,r,4.6
89,1.08E+09,1.58E+06,8.17E-06,9.75E+27,3.41E+05,5.08E+08,1.11E-01,6.20E-01,2.62E-23,r,4.6
90,1.08E+09,1.67E+06,8.65E-06,9.75E+27,3.45E+05,5.39E+08,1.16E-01,6.16E-01,3.37E-23,r,4.6
91,1.08E+09,1.75E+06,9.15E-06,9.75E+27,3.50E+05,5.72E+08,1.21E-01,6.11E-01,4.32E-23,r,4.6
92,1.08E+09,1.84E+06,9.67E-06,9.75E+27,3.54E+05,6.07E+08,1.27E-01,6.07E-01,5.51E-23,r,4.6
93,1.08E+09,1.93E+06,1.02E-05,9.75E+27,3.59E+05,6.44E+08,1.33E-01,6.02E-01,7.00E-23,r,4.6
94,1.07E+09,2.03E+06,1.08E-05,9.75E+27,3.64E+05,6.82E+08,1.39E-01,5.98E-01,8.87E-23,r,4.6
95,1.07E+09,2.13E+06,1.14E-05,9.75E+27,3.68E+05,7.22E+08,1.46E-01,5.94E-01,1.12E-22,r,4.6
96,1.07E+09,2.24E+06,1.20E-05,9.75E+27,3.73E+05,7.64E+08,1.52E-01,5.90E-01,1.41E-22,r,4.6
97,1.07E+09,2.34E+06,1.26E-05,9.75E+27,3.77E+05,8.08E+08,1.59E-01,5.86E-01,1.77E-22,r,4.6
98,1.07E+09,2.46E+06,1.33E-05,9.75E+27,3.82E+05,8.54E+08,1.66E-01,5.82E-01,2.22E-22,r,4.6
99,1.07E+09,2.57E+06,1.40E-05,9.75E+27,3.87E+05,9.03E+08,1.73E-01,5.78E-01,2.77E-22,r,4.6
100,1.07E+09,2.69E+06,1.47E-05,9.75E+27,3.91E+05,9.53E+08,1.81E-01,5.74E-01,3.44E-22,r,4.6
101,1.07E+09,2.82E+06,1.55E-05,9.75E+27,3.96E+05,1.01E+09,1.89E-01,5.70E-01,4.27E-22,r,4.6
102,1.06E+09,2.95E+06,1.63E-05,9.75E+27,4.01E+05,1.06E+09,1.97E-01,5.66E-01,5.29E-22,r,4.6
103,1.06E+09,3.08E+06,1.71E-05,9.75E+27,4.05E+05,1.12E+09,2.05E-01,5.63E-01,6.52E-22,r,4.6
104,1.06E+09,3.22E+06,1.80E-05,9.75E+27,4.10E+05,1.18E+09,2.14E-01,5.59E-01,8.03E-22,r,4.6
105,1.06E+09,3.37E+06,1.89E-05,9.75E+27,4.15E+05,1.24E+09,2.22E-01,5.55E-01,9.86E-22,r,4.6
106,1.06E+09,3.51E+06,1.98E-05,9.75E+27,4.19E+05,1.31E+09,2.32E-01,5.52E-01,1.21E-21,r,4.6
107,1.06E+09,3.67E+06,2.07E-05,9.75E+27,4.24E+05,1.38E+09,2.41E-01,5.48E-01,1.48E-21,r,4.6
108,1.06E+09,3.83E+06,2.17E-05,9.75E+27,4.29E+05,1.45E+09,2.51E-01,5.45E-01,1.80E-21,r,4.6
109,1.06E+09,3.99E+06,2.28E-05,9.75E+27,4.33E+05,1.52E+09,2.61E-01,5.42E-01,2.19E-21,r,4.6
110,1.06E+09,4.16E+06,2.38E-05,9.75E+27,4.38E+05,1.60E+09,2.71E-01,5.38E-01,2.65E-21,r,4.6
111,1.05E+09,4.34E+06,2.50E-05,9.75E+27,4.43E+05,1.68E+09,2.82E-01,5.35E-01,3.21E-21,r,4.6
112,1.05E+09,4.52E+06,2.61E-05,9.75E+27,4.48E+05,1.76E+09,2.93E-01,5.32E-01,3.88E-21,r,4.6
113,1.05E+09,4.71E+06,2.73E-05,9.75E+27,4.52E+05,1.85E+09,3.04E-01,5.29E-01,4.68E-21,r,4.6
114,1.05E+09,4.90E+06,2.85E-05,9.75E+27,4.57E+05,1.94E+09,3.16E-01,5.26E-01,5.63E-21,r,4.6
115,1.05E+09,5.10E+06,2.98E-05,9.75E+27,4.62E+05,2.04E+09,3.28E-01,5.22E-01,6.76E-21,r,4.6
116,1.05E+09,5.30E+06,3.11E-05,9.75E+27,4.67E+05,2.14E+09,3.40E-01,5.19E-01,8.09E-21,r,4.6
117,1.05E+09,5.52E+06,3.25E-05,9.75E+27,4.72E+05,2.24E+09,3.53E-01,5.16E-01,9.68E-21,r,4.6
118,1.05E+09,5.74E+06,3.39E-05,9.75E+27,4.76E+05,2.35E+09,3.66E-01,5.14E-01,1.16E-20,r,4.6
119,1.04E+09,5.96E+06,3.54E-05,9.75E+27,4.81E+05,2.46E+09,3.79E-01,5.11E-01,1.38E-20,r,4.6
120,1.04E+09,6.19E+06,3.69E-05,9.75E+27,4.86E+05,2.57E+09,3.93E-01,5.08E-01,1.64E-20,r,4.6
121,1.04E+09,6.43E+06,3.85E-05,9.75E+27,4.91E+05,2.69E+09,4.07E-01,5.05E-01,1.94E-20,r,4.6
122,1.04E+09,6.68E+06,4.01E-05,9.75E+27,4.96E+05,2.82E+09,4.22E-01,5.02E-01,2.30E-20,r,4.6
123,1.04E+09,6.94E+06,4.18E-05,9.75E+27,5.01E+05,2.94E+09,4.37E-01,4.99E-01,2.72E-20,r,4.6
124,1.04E+09,7.20E+06,4.35E-05,9.75E+27,5.06E+05,3.08E+09,4.52E-01,4.97E-01,3.22E-20,r,4.6
125,1.04E+09,7.47E+06,4.53E-05,9.75E+27,5.11E+05,3.22E+09,4.68E-01,4.94E-01,3.79E-20,r,4.6
126,1.04E+09,7.74E+06,4.72E-05,9.75E+27,5.16E+05,3.36E+09,4.84E-01,4.91E-01,4.46E-20,r,4.6
127,1.04E+09,8.03E+06,4.91E-05,9.75E+27,5.20E+05,3.51E+09,5.01E-01,4.89E-01,5.24E-20,r,4.6
128,1.03E+09,8.32E+06,5.11E-05,9.75E+27,5.25E+05,3.67E+09,5.18E-01,4.86E-01,6.15E-20,r,4.6
129,1.03E+09,8.63E+06,5.31E-05,9.75E+27,5.30E+05,3.83E+09,5.36E-01,4.84E-01,7.21E-20,r,4.6
130,1.03E+09,8.94E+06,5.52E-05,9.75E+27,5.35E+05,3.99E+09,5.54E-01,4.81E-01,8.43E-20,r,4.6
131,1.03E+09,9.26E+06,5.74E-05,9.75E+27,5.40E+05,4.16E+09,5.73E-01,4.79E-01,9.84E-20,r,4.6
132,1.03E+09,9.59E+06,5.96E-05,9.75E+27,5.45E+05,4.34E+09,5.92E-01,4.76E-01,1.15E-19,r,4.6
133,1.03E+09,9.93E+06,6.19E-05,9.75E+27,5.50E+05,4.53E+09,6.11E-01,4.74E-01,1.34E-19,r,4.6
134,1.03E+09,1.03E+07,6.43E-05,9.75E+27,5.55E+05,4.72E+09,6.32E-01,4.71E-01,1.56E-19,r,4.6
135,1.03E+09,1.06E+07,6.67E-05,9.75E+27,5.60E+05,4.92E+09,6.52E-01,4.69E-01,1.81E-19,r,4.6
136,1.02E+09,1.10E+07,6.92E-05,9.75E+27,5.65E+05,5.12E+09,6.73E-01,4.67E-01,2.09E-19,r,4.6
137,1.02E+09,1.14E+07,7.18E-05,9.75E+27,5.70E+05,5.33E+09,6.95E-01,4.65E-01,2.43E-19,r,4.6
138,1.02E+09,1.18E+07,7.45E-05,9.75E+27,5.76E+05,5.55E+09,7.17E-01,4.62E-01,2.81E-19,r,4.6
139,1.02E+09,1.22E+07,7.72E-05,9.75E+27,5.81E+05,5.78E+09,7.40E-01,4.60E-01,3.24E-19,r,4.6
140,1.02E+09,1.26E+07,8.01E-05,9.75E+27,5.86E+05,6.02E+09,7.63E-01,4.58E-01,3.74E-19,r,4.6
141,1.02E+09,1.30E+07,8.30E-05,9.75E+27,5.91E+05,6.26E+09,7.87E-01,4.56E-01,4.31E-19,r,4.6
142,1.02E+09,1.34E+07,8.60E-05,9.75E+27,5.96E+05,6.51E+09,8.12E-01,4.53E-01,4.96E-19,r,4.6
143,1.02E+09,1.39E+07,8.90E-05,9.75E+27,6.01E+05,6.77E+09,8.37E-01,4.51E-01,5.70E-19,r,4.6
144,1.02E+09,1.43E+07,9.22E-05,9.75E+27,6.06E+05,7.04E+09,8.63E-01,4.49E-01,6.55E-19,r,4.6
145,1.01E+09,1.48E+07,9.55E-05,9.75E+27,6.11E+05,7.31E+09,8.89E-01,4.47E-01,7.51E-19,r,4.6
146,1.01E+09,1.53E+07,9.88E-05,9.75E+27,6.17E+05,7.60E+09,9.16E-01,4.45E-01,8.61E-19,r,4.6
147,1.01E+09,1.57E+07,1.02E-04,9.75E+27,6.22E+05,7.89E+09,9.44E-01,4.43E-01,9.85E-19,r,4.6
148,1.01E+09,1.62E+07,1.06E-04,9.75E+27,6.27E+05,8.20E+09,9.72E-01,4.41E-01,1.13E-18,r,4.6
149,1.01E+09,1.68E+07,1.09E-04,9.75E+27,6.32E+05,8.51E+09,1.00E+00,4.39E-01,1.29E-18,r,4.6
150,1.01E+09,1.73E+07,1.13E-04,9.75E+27,6.37E+05,8.84E+09,1.03E+00,4.37E-01,1.47E-18,r,4.6
151,1.01E+09,1.78E+07,1.17E-04,9.75E+27,6.43E+05,9.17E+09,1.06E+00,4.35E-01,1.67E-18,r,4.6
152,1.01E+09,1.84E+07,1.21E-04,9.75E+27,6.48E+05,9.52E+09,1.09E+00,4.33E-01,1.90E-18,r,4.6
153,1.00E+09,1.89E+07,1.25E-04,9.75E+27,6.53E+05,9.88E+09,1.12E+00,4.31E-01,2.16E-18,r,4.6
154,1.00E+09,1.95E+07,1.29E-04,9.75E+27,6.58E+05,1.02E+10,1.16E+00,4.29E-01,2.46E-18,r,4.6
155,1.00E+09,2.01E+07,1.33E-04,9.75E+27,6.64E+05,1.06E+10,1.19E+00,4.27E-01,2.79E-18,r,4.6
156,1.00E+09,2.07E+07,1.38E-04,9.75E+27,6.69E+05,1.10E+10,1.23E+00,4.25E-01,3.16E-18,r,4.6
157,9.99E+08,2.14E+07,1.42E-04,9.75E+27,6.74E+05,1.14E+10,1.26E+00,4.24E-01,3.58E-18,r,4.6
158,9.98E+08,2.20E+07,1.47E-04,9.75E+27,6.79E+05,1.18E+10,1.30E+00,4.22E-01,4.05E-18,r,4.6
159,9.97E+08,2.27E+07,1.52E-04,9.75E+27,6.85E+05,1.23E+10,1.33E+00,4.20E-01,4.58E-18,r,4.6
160,9.96E+08,2.33E+07,1.57E-04,9.75E+27,6.90E+05,1.27E+10,1.37E+00,4.18E-01,5.17E-18,r,4.6
161,9.95E+08,2.40E+07,1.61E-04,9.75E+27,6.96E+05,1.32E+10,1.41E+00,4.16E-01,5.84E-18,r,4.6
162,9.93E+08,2.47E+07,1.67E-04,9.75E+27,7.01E+05,1.36E+10,1.45E+00,4.15E-01,6.58E-18,r,4.6
163,9.92E+08,2.54E+07,1.72E-04,9.75E+27,7.06E+05,1.41E+10,1.49E+00,4.13E-01,7.41E-18,r,4.6
164,9.91E+08,2.62E+07,1.77E-04,9.75E+27,7.12E+05,1.46E+10,1.53E+00,4.11E-01,8.34E-18,r,4.6
165,9.90E+08,2.69E+07,1.83E-04,9.75E+27,7.17E+05,1.51E+10,1.57E+00,4.10E-01,9.38E-18,r,4.6
166,9.89E+08,2.77E+07,1.88E-04,9.75E+27,7.22E+05,1.57E+10,1.61E+00,4.08E-01,1.05E-17,r,4.6
167,9.87E+08,2.85E+07,1.94E-04,9.75E+27,7.28E+05,1.62E+10,1.66E+00,4.06E-01,1.18E-17,r,4.6
168,9.86E+08,2.93E+07,2.00E-04,9.75E+27,7.33E+05,1.68E+10,1.70E+00,4.05E-01,1.33E-17,r,4.6
169,9.85E+08,3.01E+07,2.06E-04,9.75E+27,7.39E+05,1.73E+10,1.75E+00,4.03E-01,1.49E-17,r,4.6
170,9.84E+08,3.09E+07,2.12E-04,9.75E+27,7.44E+05,1.79E+10,1.79E+00,4.01E-01,1.67E-17,r,4.6
171,9.83E+08,3.18E+07,2.19E-04,9.75E+27,7.50E+05,1.85E+10,1.84E+00,4.00E-01,1.87E-17,r,4.6
172,9.82E+08,3.27E+07,2.25E-04,9.75E+27,7.55E+05,1.92E+10,1.89E+00,3.98E-01,2.09E-17,r,4.6
173,9.80E+08,3.36E+07,2.32E-04,9.75E+27,7.61E+05,1.98E+10,1.94E+00,3.97E-01,2.33E-17,r,4.6
174,9.79E+08,3.45E+07,2.38E-04,9.75E+27,7.66E+05,2.05E+10,1.99E+00,3.95E-01,2.60E-17,r,4.6
175,9.78E+08,3.54E+07,2.45E-04,9.75E+27,7.72E+05,2.12E+10,2.04E+00,3.93E-01,2.90E-17,r,4.6
176,9.77E+08,3.64E+07,2.53E-04,9.75E+27,7.77E+05,2.19E+10,2.09E+00,3.92E-01,3.24E-17,r,4.5
177,9.76E+08,3.74E+07,2.60E-04,9.75E+27,7.83E+05,2.26E+10,2.15E+00,3.90E-01,3.61E-17,r,4.5
178,9.74E+08,3.84E+07,2.67E-04,9.75E+27,7.89E+05,2.33E+10,2.20E+00,3.89E-01,4.02E-17,r,4.5
179,9.73E+08,3.94E+07,2.75E-04,9.75E+27,7.94E+05,2.41E+10,2.26E+00,3.87E-01,4.47E-17,r,4.5
180,9.72E+08,4.04E+07,2.83E-04,9.75E+27,8.00E+05,2.49E+10,2.31E+00,3.86E-01,4.97E-17,r,4.5
181,9.71E+08,4.15E+07,2.91E-04,9.75E+27,8.05E+05,2.57E+10,2.37E+00,3.84E-01,5.52E-17,r,4.5
182,9.70E+08,4.26E+07,2.99E-04,9.75E+27,8.11E+05,2.65E+10,2.43E+00,3.83E-01,6.13E-17,r,4.5
183,9.69E+08,4.37E+07,3.07E-04,9.75E+27,8.17E+05,2.74E+10,2.49E+00,3.82E-01,6.80E-17,r,4.5
184,9.67E+08,4.49E+07,3.16E-04,9.75E+27,8.22E+05,2.82E+10,2.55E+00,3.80E-01,7.54E-17,r,4.5
185,9.66E+08,4.60E+07,3.25E-04,9.75E+27,8.28E+05,2.91E+10,2.62E+00,3.79E-01,8.36E-17,r,4.5
186,9.65E+08,4.72E+07,3.34E-04,9.75E+27,8.34E+05,3.01E+10,2.68E+00,3.77E-01,9.25E-17,r,4.5
187,9.64E+08,4.84E+07,3.43E-04,9.75E+27,8.40E+05,3.10E+10,2.75E+00,3.76E-01,1.02E-16,r,4.5
188,9.63E+08,4.96E+07,3.52E-04,9.75E+27,8.45E+05,3.20E+10,2.81E+00,3.75E-01,1.13E-16,r,4.5
189,9.61E+08,5.09E+07,3.62E-04,9.75E+27,8.51E+05,3.30E+10,2.88E+00,3.73E-01,1.25E-16,r,4.5
190,9.60E+08,5.22E+07,3.71E-04,9.75E+27,8.57E+05,3.40E+10,2.95E+00,3.72E-01,1.38E-16,r,4.5
191,9.59E+08,5.35E+07,3.81E-04,9.75E+27,8.63E+05,3.51E+10,3.02E+00,3.70E-01,1.53E-16,r,4.5
192,9.58E+08,5.48E+07,3.91E-04,9.75E+27,8.68E+05,3.61E+10,3.10E+00,3.69E-01,1.69E-16,r,4.5
193,9.57E+08,5.62E+07,4.02E-04,9.75E+27,8.74E+05,3.73E+10,3.17E+00,3.68E-01,1.86E-16,r,4.5
194,9.55E+08,5.76E+07,4.12E-04,9.75E+27,8.80E+05,3.84E+10,3.25E+00,3.66E-01,2.05E-16,r,4.5
195,9.54E+08,5.90E+07,4.23E-04,9.75E+27,8.86E+05,3.96E+10,3.32E+00,3.65E-01,2.26E-16,r,4.5
196,9.53E+08,6.05E+07,4.34E-04,9.75E+27,8.92E+05,4.08E+10,3.40E+00,3.64E-01,2.48E-16,r,4.5
197,9.52E+08,6.20E+07,4.46E-04,9.75E+27,8.97E+05,4.20E+10,3.48E+00,3.63E-01,2.73E-16,r,4.5
198,9.51E+08,6.35E+07,4.57E-04,9.75E+27,9.03E+05,4.33E+10,3.56E+00,3.61E-01,3.01E-16,r,4.5
199,9.50E+08,6.50E+07,4.69E-04,9.75E+27,9.09E+05,4.46E+10,3.65E+00,3.60E-01,3.30E-16,r,4.5
200,9.48E+08,6.66E+07,4.81E-04,9.75E+27,9.15E+05,4.59E+10,3.73E+00,3.59E-01,3.63E-16,r,4.5
201,9.47E+08,6.82E+07,4.93E-04,9.75E+27,9.21E+05,4.72E+10,3.82E+00,3.58E-01,3.98E-16,r,4.5
202,9.46E+08,6.98E+07,5.06E-04,9.75E+27,9.27E+05,4.86E+10,3.90E+00,3.56E-01,4.37E-16,r,4.5
203,9.45E+08,7.15E+07,5.18E-04,9.75E+27,9.33E+05,5.01E+10,3.99E+00,3.55E-01,4.80E-16,r,4.5
204,9.44E+08,7.32E+07,5.31E-04,9.75E+27,9.39E+05,5.16E+10,4.09E+00,3.54E-01,5.26E-16,r,4.5
205,9.42E+08,7.49E+07,5.45E-04,9.75E+27,9.45E+05,5.31E+10,4.18E+00,3.53E-01,5.76E-16,r,4.5
206,9.41E+08,7.67E+07,5.58E-04,9.75E+27,9.51E+05,5.46E+10,4.27E+00,3.52E-01,6.31E-16,r,4.5
207,9.40E+08,7.84E+07,5.72E-04,9.75E+27,9.57E+05,5.62E+10,4.37E+00,3.50E-01,6.90E-16,r,4.5
208,9.39E+08,8.03E+07,5.86E-04,9.75E+27,9.63E+05,5.78E+10,4.47E+00,3.49E-01,7.55E-16,r,4.5
209,9.38E+08,8.21E+07,6.01E-04,9.75E+27,9.69E+05,5.95E+10,4.57E+00,3.48E-01,8.26E-16,r,4.5
210,9.37E+08,8.40E+07,6.15E-04,9.75E+27,9.75E+05,6.12E+10,4.67E+00,3.47E-01,9.03E-16,r,4.5
211,9.35E+08,8.60E+07,6.30E-04,9.75E+27,9.81E+05,6.30E+10,4.77E+00,3.46E-01,9.86E-16,r,4.5
212,9.34E+08,8.79E+07,6.45E-04,9.75E+27,9.87E+05,6.47E+10,4.88E+00,3.45E-01,1.08E-15,r,4.5
213,9.33E+08,9.00E+07,6.61E-04,9.75E+27,9.93E+05,6.66E+10,4.99E+00,3.43E-01,1.18E-15,r,4.5
214,9.32E+08,9.20E+07,6.77E-04,9.75E+27,9.99E+05,6.85E+10,5.10E+00,3.42E-01,1.28E-15,r,4.5
215,9.31E+08,9.41E+07,6.93E-04,9.75E+27,1.01E+06,7.04E+10,5.21E+00,3.41E-01,1.40E-15,r,4.5
216,9.29E+08,9.62E+07,7.09E-04,9.75E+27,1.01E+06,7.24E+10,5.32E+00,3.40E-01,1.52E-15,r,4.5
217,9.28E+08,9.84E+07,7.26E-04,9.75E+27,1.02E+06,7.44E+10,5.44E+00,3.39E-01,1.66E-15,r,4.5
218,9.27E+08,1.01E+08,7.43E-04,9.75E+27,1.02E+06,7.65E+10,5.56E+00,3.38E-01,1.81E-15,r,4.5
219,9.26E+08,1.03E+08,7.61E-04,9.75E+27,1.03E+06,7.86E+10,5.68E+00,3.37E-01,1.97E-15,r,4.5
220,9.25E+08,1.05E+08,7.79E-04,9.75E+27,1.04E+06,8.08E+10,5.80E+00,3.36E-01,2.14E-15,r,4.5
221,9.24E+08,1.07E+08,7.97E-04,9.75E+27,1.04E+06,8.30E+10,5.92E+00,3.35E-01,2.33E-15,r,4.5
222,9.22E+08,1.10E+08,8.15E-04,9.75E+27,1.05E+06,8.53E+10,6.05E+00,3.34E-01,2.53E-15,r,4.5
223,9.21E+08,1.12E+08,8.34E-04,9.75E+27,1.06E+06,8.76E+10,6.18E+00,3.33E-01,2.75E-15,r,4.5
224,9.20E+08,1.15E+08,8.53E-04,9.75E+27,1.06E+06,9.00E+10,6.31E+00,3.31E-01,2.99E-15,r,4.5
225,9.19E+08,1.17E+08,8.73E-04,9.75E+27,1.07E+06,9.25E+10,6.45E+00,3.30E-01,3.25E-15,r,4.5
226,9.18E+08,1.20E+08,8.92E-04,9.75E+27,1.07E+06,9.50E+10,6.58E+00,3.29E-01,3.53E-15,r,4.5
227,9.16E+08,1.22E+08,9.13E-04,9.75E+27,1.08E+06,9.76E+10,6.72E+00,3.28E-01,3.82E-15,r,4.5
228,9.15E+08,1.25E+08,9.33E-04,9.75E+27,1.09E+06,1.00E+11,6.86E+00,3.27E-01,4.15E-15,r,4.5
229,9.14E+08,1.28E+08,9.54E-04,9.75E+27,1.09E+06,1.03E+11,7.00E+00,3.26E-01,4.50E-15,r,4.5
230,9.13E+08,1.30E+08,9.75E-04,9.75E+27,1.10E+06,1.06E+11,7.15E+00,3.25E-01,4.87E-15,r,4.5
231,9.12E+08,1.33E+08,9.97E-04,9.75E+27,1.11E+06,1.08E+11,7.30E+00,3.24E-01,5.28E-15,r,4.5
232,9.10E+08,1.36E+08,1.02E-03,9.75E+27,1.11E+06,1.11E+11,7.45E+00,3.23E-01,5.72E-15,r,4.5
233,9.09E+08,1.39E+08,1.04E-03,9.75E+27,1.12E+06,1.14E+11,7.60E+00,3.22E-01,6.19E-15,r,4.5
234,9.08E+08,1.42E+08,1.07E-03,9.75E+27,1.13E+06,1.17E+11,7.76E+00,3.21E-01,6.70E-15,r,4.5
235,9.07E+08,1.45E+08,1.09E-03,9.75E+27,1.13E+06,1.20E+11,7.92E+00,3.20E-01,7.25E-15,r,4.5
236,9.06E+08,1.48E+08,1.11E-03,9.75E+27,1.14E+06,1.24E+11,8.08E+00,3.19E-01,7.84E-15,r,4.5
237,9.05E+08,1.51E+08,1.14E-03,9.75E+27,1.15E+06,1.27E+11,8.24E+00,3.18E-01,8.47E-15,r,4.5
238,9.03E+08,1.54E+08,1.16E-03,9.75E+27,1.15E+06,1.30E+11,8.41E+00,3.18E-01,9.15E-15,r,4.5
239,9.02E+08,1.57E+08,1.19E-03,9.75E+27,1.16E+06,1.34E+11,8.58E+00,3.17E-01,9.89E-15,r,4.5
240,9.01E+08,1.60E+08,1.21E-03,9.75E+27,1.16E+06,1.37E+11,8.75E+00,3.16E-01,1.07E-14,r,4.5
241,9.00E+08,1.64E+08,1.24E-03,9.75E+27,1.17E+06,1.41E+11,8.93E+00,3.15E-01,1.15E-14,r,4.5
242,8.99E+08,1.67E+08,1.26E-03,9.75E+27,1.18E+06,1.44E+11,9.11E+00,3.14E-01,1.24E-14,r,4.5
243,8.97E+08,1.71E+08,1.29E-03,9.75E+27,1.18E+06,1.48E+11,9.29E+00,3.13E-01,1.34E-14,r,4.5
244,8.96E+08,1.74E+08,1.32E-03,9.75E+27,1.19E+06,1.52E+11,9.48E+00,3.12E-01,1.45E-14,r,4.5
245,8.95E+08,1.78E+08,1.35E-03,9.75E+27,1.20E+06,1.56E+11,9.66E+00,3.11E-01,1.56E-14,r,4.5
246,8.94E+08,1.81E+08,1.37E-03,9.75E+27,1.20E+06,1.59E+11,9.86E+00,3.10E-01,1.68E-14,r,4.5
247,8.93E+08,1.85E+08,1.40E-03,9.75E+27,1.21E+06,1.64E+11,1.01E+01,3.09E-01,1.81E-14,r,4.5
248,8.92E+08,1.88E+08,1.43E-03,9.75E+27,1.22E+06,1.68E+11,1.03E+01,3.08E-01,1.95E-14,r,4.5
249,8.90E+08,1.92E+08,1.46E-03,9.75E+27,1.22E+06,1.72E+11,1.05E+01,3.07E-01,2.10E-14,r,4.5
250,8.89E+08,1.96E+08,1.49E-03,9.75E+27,1.23E+06,1.76E+11,1.07E+01,3.07E-01,2.26E-14,r,4.5
251,8.88E+08,2.00E+08,1.52E-03,9.75E+27,1.24E+06,1.81E+11,1.09E+01,3.06E-01,2.43E-14,r,4.5
252,8.87E+08,2.04E+08,1.55E-03,9.75E+27,1.24E+06,1.85E+11,1.11E+01,3.05E-01,2.62E-14,r,4.5
253,8.86E+08,2.08E+08,1.59E-03,9.75E+27,1.25E+06,1.90E+11,1.13E+01,3.04E-01,2.81E-14,r,4.5
254,8.84E+08,2.12E+08,1.62E-03,9.75E+27,1.26E+06,1.95E+11,1.15E+01,3.03E-01,3.02E-14,r,4.5
255,8.83E+08,2.16E+08,1.65E-03,9.75E+27,1.27E+06,1.99E+11,1.17E+01,3.02E-01,3.25E-14,r,4.5
256,8.82E+08,2.20E+08,1.68E-03,9.75E+27,1.27E+06,2.04E+11,1.20E+01,3.01E-01,3.49E-14,r,4.5
257,8.81E+08,2.25E+08,1.72E-03,9.75E+27,1.28E+06,2.09E+11,1.22E+01,3.00E-01,3.75E-14,r,4.5
258,8.80E+08,2.29E+08,1.75E-03,9.75E+27,1.29E+06,2.14E+11,1.24E+01,3.00E-01,4.03E-14,r,4.5
259,8.79E+08,2.34E+08,1.79E-03,9.75E+27,1.29E+06,2.20E+11,1.27E+01,2.99E-01,4.32E-14,r,4.5
260,8.77E+08,2.38E+08,1.82E-03,9.75E+27,1.30E+06,2.25E+11,1.29E+01,2.98E-01,4.64E-14,r,4.5
261,8.76E+08,2.43E+08,1.86E-03,9.75E+27,1.31E+06,2.31E+11,1.31E+01,2.97E-01,4.98E-14,r,4.5
262,8.75E+08,2.47E+08,1.90E-03,9.75E+27,1.31E+06,2.36E+11,1.34E+01,2.96E-01,5.34E-14,r,4.5
263,8.74E+08,2.52E+08,1.93E-03,9.75E+27,1.32E+06,2.42E+11,1.36E+01,2.95E-01,5.72E-14,r,4.5
264,8.73E+08,2.57E+08,1.97E-03,9.75E+27,1.33E+06,2.48E+11,1.39E+01,2.95E-01,6.13E-14,r,4.5
265,8.71E+08,2.62E+08,2.01E-03,9.75E+27,1.33E+06,2.54E+11,1.42E+01,2.94E-01,6.57E-14,r,4.5
266,8.70E+08,2.67E+08,2.05E-03,9.75E+27,1.34E+06,2.60E+11,1.44E+01,2.93E-01,7.04E-14,r,4.5
267,8.69E+08,2.72E+08,2.09E-03,9.75E+27,1.35E+06,2.66E+11,1.47E+01,2.92E-01,7.54E-14,r,4.5
268,8.68E+08,2.77E+08,2.13E-03,9.75E+27,1.36E+06,2.73E+11,1.50E+01,2.91E-01,8.07E-14,r,4.5
269,8.67E+08,2.82E+08,2.17E-03,9.75E+27,1.36E+06,2.79E+11,1.53E+01,2.91E-01,8.64E-14,r,4.5
270,8.66E+08,2.87E+08,2.21E-03,9.75E+27,1.37E+06,2.86E+11,1.55E+01,2.90E-01,9.25E-14,r,4.5
271,8.64E+08,2.93E+08,2.25E-03,9.75E+27,1.38E+06,2.92E+11,1.58E+01,2.89E-01,9.90E-14,r,4.5
272,8.63E+08,2.98E+08,2.30E-03,9.75E+27,1.38E+06,2.99E+11,1.61E+01,2.88E-01,1.06E-13,r,4.5
273,8.62E+08,3.04E+08,2.34E-03,9.75E+27,1.39E+06,3.07E+11,1.64E+01,2.88E-01,1.13E-13,r,4.5
274,8.61E+08,3.09E+08,2.39E-03,9.75E+27,1.40E+06,3.14E+11,1.67E+01,2.87E-01,1.21E-13,r,4.5
275,8.60E+08,3.15E+08,2.43E-03,9.75E+27,1.41E+06,3.21E+11,1.70E+01,2.86E-01,1.29E-13,r,4.5
276,8.58E+08,3.21E+08,2.48E-03,9.75E+27,1.41E+06,3.29E+11,1.73E+01,2.85E-01,1.38E-13,r,4.5
277,8.57E+08,3.27E+08,2.52E-03,9.75E+27,1.42E+06,3.36E+11,1.76E+01,2.84E-01,1.48E-13,r,4.5
278,8.56E+08,3.33E+08,2.57E-03,9.75E+27,1.43E+06,3.44E+11,1.80E+01,2.84E-01,1.58E-13,r,4.5
279,8.55E+08,3.39E+08,2.62E-03,9.75E+27,1.43E+06,3.52E+11,1.83E+01,2.83E-01,1.69E-13,r,4.5
280,8.54E+08,3.45E+08,2.67E-03,9.75E+27,1.44E+06,3.60E+11,1.86E+01,2.82E-01,1.80E-13,r,4.5
281,8.52E+08,3.51E+08,2.72E-03,9.75E+27,1.45E+06,3.69E+11,1.90E+01,2.81E-01,1.92E-13,r,4.5
282,8.51E+08,3.58E+08,2.77E-03,9.75E+27,1.46E+06,3.77E+11,1.93E+01,2.81E-01,2.05E-13,r,4.5
283,8.50E+08,3.64E+08,2.82E-03,9.75E+27,1.46E+06,3.86E+11,1.96E+01,2.80E-01,2.19E-13,r,4.5
284,8.49E+08,3.71E+08,2.87E-03,9.75E+27,1.47E+06,3.95E+11,2.00E+01,2.79E-01,2.33E-13,r,4.5
285,8.48E+08,3.77E+08,2.92E-03,9.75E+27,1.48E+06,4.04E+11,2.04E+01,2.79E-01,2.49E-13,r,4.5
286,8.47E+08,3.84E+08,2.97E-03,9.75E+27,1.49E+06,4.13E+11,2.07E+01,2.78E-01,2.65E-13,r,4.5
287,8.45E+08,3.91E+08,3.03E-03,9.75E+27,1.49E+06,4.23E+11,2.11E+01,2.77E-01,2.82E-13,r,4.5
288,8.44E+08,3.98E+08,3.08E-03,9.75E+27,1.50E+06,4.33E+11,2.15E+01,2.76E-01,3.01E-13,r,4.5
289,8.43E+08,4.05E+08,3.14E-03,9.75E+27,1.51E+06,4.42E+11,2.18E+01,2.76E-01,3.21E-13,r,4.5
290,8.42E+08,4.12E+08,3.20E-03,9.75E+27,1.52E+06,4.52E+11,2.22E+01,2.75E-01,3.42E-13,r,4.5
291,8.41E+08,4.19E+08,3.25E-03,9.75E+27,1.52E+06,4.63E+11,2.26E+01,2.74E-01,3.64E-13,r,4.5
292,8.39E+08,4.27E+08,3.31E-03,9.75E+27,1.53E+06,4.73E+11,2.30E+01,2.74E-01,3.87E-13,r,4.5
293,8.38E+08,4.34E+08,3.37E-03,9.75E+27,1.54E+06,4.84E+11,2.34E+01,2.73E-01,4.12E-13,r,4.5
294,8.37E+08,4.42E+08,3.43E-03,9.75E+27,1.55E+06,4.95E+11,2.38E+01,2.72E-01,4.39E-13,r,4.5
295,8.36E+08,4.50E+08,3.49E-03,9.75E+27,1.55E+06,5.06E+11,2.42E+01,2.72E-01,4.67E-13,r,4.5
296,8.35E+08,4.58E+08,3.55E-03,9.75E+27,1.56E+06,5.17E+11,2.47E+01,2.71E-01,4.97E-13,r,4.5
297,8.34E+08,4.65E+08,3.62E-03,9.75E+27,1.57E+06,5.29E+11,2.51E+01,2.70E-01,5.28E-13,r,4.5
298,8.32E+08,4.74E+08,3.68E-03,9.75E+27,1.58E+06,5.41E+11,2.55E+01,2.69E-01,5.62E-13,r,4.5
299,8.31E+08,4.82E+08,3.74E-03,9.75E+27,1.59E+06,5.53E+11,2.60E+01,2.69E-01,5.97E-13,r,4.5
300,8.30E+08,4.90E+08,3.81E-03,9.75E+27,1.59E+06,5.65E+11,2.64E+01,2.68E-01,6.35E-13,r,4.5
301,8.29E+08,4.99E+08,3.87E-03,9.75E+27,1.60E+06,5.78E+11,2.69E+01,2.67E-01,6.74E-13,r,4.5
302,8.28E+08,5.07E+08,3.94E-03,9.75E+27,1.61E+06,5.90E+11,2.73E+01,2.67E-01,7.17E-13,r,4.5
303,8.26E+08,5.16E+08,4.01E-03,9.75E+27,1.62E+06,6.03E+11,2.78E+01,2.66E-01,7.61E-13,r,4.5
304,8.25E+08,5.25E+08,4.08E-03,9.75E+27,1.62E+06,6.17E+11,2.83E+01,2.65E-01,8.08E-13,r,4.5
305,8.24E+08,5.34E+08,4.15E-03,9.75E+27,1.63E+06,6.30E+11,2.88E+01,2.65E-01,8.58E-13,r,4.5
306,8.23E+08,5.43E+08,4.22E-03,9.75E+27,1.64E+06,6.44E+11,2.93E+01,2.64E-01,9.11E-13,r,4.5
307,8.22E+08,5.52E+08,4.29E-03,9.75E+27,1.65E+06,6.58E+11,2.98E+01,2.63E-01,9.67E-13,r,4.5
308,8.21E+08,5.61E+08,4.37E-03,9.75E+27,1.66E+06,6.73E+11,3.03E+01,2.63E-01,1.03E-12,r,4.5
309,8.19E+08,5.71E+08,4.44E-03,9.75E+27,1.66E+06,6.87E+11,3.08E+01,2.62E-01,1.09E-12,r,4.5
310,8.18E+08,5.80E+08,4.52E-03,9.75E+27,1.67E+06,7.02E+11,3.13E+01,2.62E-01,1.16E-12,r,4.5
311,8.17E+08,5.90E+08,4.59E-03,9.75E+27,1.68E+06,7.18E+11,3.18E+01,2.61E-01,1.23E-12,r,4.5
312,8.16E+08,6.00E+08,4.67E-03,9.75E+27,1.69E+06,7.33E+11,3.24E+01,2.60E-01,1.30E-12,r,4.5
313,8.15E+08,6.10E+08,4.75E-03,9.75E+27,1.70E+06,7.49E+11,3.29E+01,2.60E-01,1.38E-12,r,4.5
314,8.13E+08,6.20E+08,4.83E-03,9.75E+27,1.70E+06,7.65E+11,3.35E+01,2.59E-01,1.46E-12,r,4.5
315,8.12E+08,6.31E+08,4.91E-03,9.75E+27,1.71E+06,7.82E+11,3.40E+01,2.58E-01,1.55E-12,r,4.5
316,8.11E+08,6.41E+08,4.99E-03,9.75E+27,1.72E+06,7.99E+11,3.46E+01,2.58E-01,1.64E-12,r,4.5
317,8.10E+08,6.52E+08,5.07E-03,9.75E+27,1.73E+06,8.16E+11,3.52E+01,2.57E-01,1.74E-12,r,4.5
318,8.09E+08,6.62E+08,5.16E-03,9.75E+27,1.74E+06,8.33E+11,3.58E+01,2.57E-01,1.84E-12,r,4.5
319,8.07E+08,6.73E+08,5.24E-03,9.75E+27,1.74E+06,8.51E+11,3.64E+01,2.56E-01,1.95E-12,r,4.5
320,8.06E+08,6.84E+08,5.33E-03,9.75E+27,1.75E+06,8.70E+11,3.70E+01,2.55E-01,2.07E-12,r,4.5
321,8.05E+08,6.96E+08,5.41E-03,9.75E+27,1.76E+06,8.88E+11,3.76E+01,2.55E-01,2.19E-12,r,4.5
322,8.04E+08,7.07E+08,5.50E-03,9.75E+27,1.77E+06,9.07E+11,3.82E+01,2.54E-01,2.32E-12,r,4.5
323,8.03E+08,7.19E+08,5.59E-03,9.75E+27,1.78E+06,9.26E+11,3.88E+01,2.53E-01,2.45E-12,r,4.5
324,8.02E+08,7.30E+08,5.68E-03,9.75E+27,1.79E+06,9.46E+11,3.95E+01,2.53E-01,2.60E-12,r,4.5
325,8.00E+08,7.42E+08,5.78E-03,9.75E+27,1.79E+06,9.66E+11,4.01E+01,2.52E-01,2.75E-12,r,4.5
326,7.99E+08,7.54E+08,5.87E-03,9.75E+27,1.80E+06,9.86E+11,4.08E+01,2.52E-01,2.91E-12,r,4.5
327,7.98E+08,7.67E+08,5.96E-03,9.75E+27,1.81E+06,1.01E+12,4.14E+01,2.51E-01,3.07E-12,r,4.5
328,7.97E+08,7.79E+08,6.06E-03,9.75E+27,1.82E+06,1.03E+12,4.21E+01,2.50E-01,3.25E-12,r,4.5
329,7.96E+08,7.92E+08,6.16E-03,9.75E+27,1.83E+06,1.05E+12,4.28E+01,2.50E-01,3.44E-12,r,4.5
330,7.94E+08,8.04E+08,6.26E-03,9.75E+27,1.84E+06,1.07E+12,4.35E+01,2.49E-01,3.63E-12,r,4.5
331,7.93E+08,8.17E+08,6.36E-03,9.75E+27,1.84E+06,1.10E+12,4.42E+01,2.49E-01,3.84E-12,r,4.5
332,7.92E+08,8.30E+08,6.46E-03,9.75E+27,1.85E+06,1.12E+12,4.49E+01,2.48E-01,4.06E-12,r,4.5
333,7.91E+08,8.44E+08,6.56E-03,9.75E+27,1.86E+06,1.14E+12,4.57E+01,2.48E-01,4.29E-12,r,4.5
334,7.90E+08,8.57E+08,6.66E-03,9.75E+27,1.87E+06,1.17E+12,4.64E+01,2.47E-01,4.53E-12,r,4.5
335,7.89E+08,8.71E+08,6.77E-03,9.75E+27,1.88E+06,1.19E+12,4.72E+01,2.46E-01,4.79E-12,r,4.5
336,7.87E+08,8.85E+08,6.88E-03,9.75E+27,1.89E+06,1.21E+12,4.79E+01,2.46E-01,5.06E-12,r,4.5
337,7.86E+08,8.99E+08,6.98E-03,9.75E+27,1.90E+06,1.24E+12,4.87E+01,2.45E-01,5.34E-12,r,4.5
338,7.85E+08,9.13E+08,7.09E-03,9.75E+27,1.90E+06,1.27E+12,4.95E+01,2.45E-01,5.64E-12,r,4.5
339,7.84E+08,9.27E+08,7.20E-03,9.75E+27,1.91E+06,1.29E+12,5.03E+01,2.44E-01,5.96E-12,r,4.5
340,7.83E+08,9.42E+08,7.32E-03,9.75E+27,1.92E+06,1.32E+12,5.11E+01,2.44E-01,6.29E-12,r,4.5
341,7.81E+08,9.57E+08,7.43E-03,9.75E+27,1.93E+06,1.35E+12,5.19E+01,2.43E-01,6.64E-12,r,4.5
342,7.80E+08,9.72E+08,7.55E-03,9.75E+27,1.94E+06,1.37E+12,5.27E+01,2.42E-01,7.00E-12,r,4.5
343,7.79E+08,9.87E+08,7.66E-03,9.75E+27,1.95E+06,1.40E+12,5.36E+01,2.42E-01,7.39E-12,r,4.5
344,7.78E+08,1.00E+09,7.78E-03,9.75E+27,1.96E+06,1.43E+12,5.44E+01,2.41E-01,7.80E-12,r,4.5
345,7.77E+08,1.02E+09,7.90E-03,9.75E+27,1.97E+06,1.46E+12,5.53E+01,2.41E-01,8.23E-12,r,4.5
346,7.76E+08,1.03E+09,8.02E-03,9.75E+27,1.97E+06,1.49E+12,5.62E+01,2.40E-01,8.68E-12,r,4.5
347,7.74E+08,1.05E+09,8.14E-03,9.75E+27,1.98E+06,1.52E+12,5.71E+01,2.40E-01,9.15E-12,r,4.5
348,7.73E+08,1.07E+09,8.27E-03,9.75E+27,1.99E+06,1.55E+12,5.80E+01,2.39E-01,9.65E-12,r,4.5
349,7.72E+08,1.08E+09,8.40E-03,9.75E+27,2.00E+06,1.58E+12,5.89E+01,2.39E-01,1.02E-11,r,4.5
350,7.71E+08,1.10E+09,8.52E-03,9.75E+27,2.01E+06,1.61E+12,5.98E+01,2.38E-01,1.07E-11,r,4.5
351,7.70E+08,1.12E+09,8.65E-03,9.75E+27,2.02E+06,1.65E+12,6.07E+01,2.38E-01,1.13E-11,r,4.5
352,7.68E+08,1.13E+09,8.78E-03,9.75E+27,2.03E+06,1.68E+12,6.17E+01,2.37E-01,1.19E-11,r,4.5
353,7.67E+08,1.15E+09,8.92E-03,9.75E+27,2.04E+06,1.71E+12,6.27E+01,2.36E-01,1.26E-11,r,4.5
354,7.66E+08,1.17E+09,9.05E-03,9.75E+27,2.05E+06,1.75E+12,6.37E+01,2.36E-01,1.32E-11,r,4.5
355,7.65E+08,1.19E+09,9.19E-03,9.75E+27,2.06E+06,1.78E+12,6.47E+01,2.35E-01,1.39E-11,r,4.5
356,7.64E+08,1.21E+09,9.32E-03,9.75E+27,2.07E+06,1.82E+12,6.57E+01,2.35E-01,1.47E-11,r,4.5
357,7.63E+08,1.22E+09,9.46E-03,9.75E+27,2.07E+06,1.86E+12,6.67E+01,2.34E-01,1.55E-11,r,4.5
358,7.61E+08,1.24E+09,9.60E-03,9.75E+27,2.08E+06,1.89E+12,6.77E+01,2.34E-01,1.63E-11,r,4.5
359,7.60E+08,1.26E+09,9.75E-03,9.75E+27,2.09E+06,1.93E+12,6.88E+01,2.33E-01,1.71E-11,r,4.5
360,7.59E+08,1.28E+09,9.89E-03,9.75E+27,2.10E+06,1.97E+12,6.99E+01,2.33E-01,1.80E-11,r,4.5
361,7.58E+08,1.30E+09,1.00E-02,9.75E+27,2.11E+06,2.01E+12,7.09E+01,2.32E-01,1.90E-11,r,4.5
362,7.46E+08,1.51E+09,1.16E-02,9.75E+27,2.21E+06,2.46E+12,8.30E+01,2.27E-01,3.20E-11,r,4.5
363,7.34E+08,1.75E+09,1.33E-02,9.75E+27,2.31E+06,3.00E+12,9.69E+01,2.22E-01,5.31E-11,r,4.5
364,7.22E+08,2.02E+09,1.52E-02,9.75E+27,2.41E+06,3.65E+12,1.13E+02,2.17E-01,8.72E-11,r,4.5
365,7.10E+08,2.33E+09,1.74E-02,9.75E+27,2.52E+06,4.44E+12,1.31E+02,2.12E-01,1.42E-10,r,4.4
366,6.99E+08,2.68E+09,1.99E-02,9.75E+27,2.63E+06,5.38E+12,1.52E+02,2.08E-01,2.28E-10,r,4.4
367,6.87E+08,3.08E+09,2.27E-02,9.75E+27,2.74E+06,6.50E+12,1.77E+02,2.04E-01,3.62E-10,r,4.4
368,6.75E+08,3.54E+09,2.57E-02,9.75E+27,2.86E+06,7.84E+12,2.04E+02,1.99E-01,5.71E-10,r,4.4
369,6.63E+08,4.05E+09,2.92E-02,9.75E+27,2.98E+06,9.45E+12,2.36E+02,1.95E-01,8.94E-10,r,4.4
370,6.51E+08,4.63E+09,3.30E-02,9.75E+27,3.11E+06,1.14E+13,2.72E+02,1.91E-01,1.39E-09,r,4.4
371,6.39E+08,5.29E+09,3.73E-02,9.75E+27,3.24E+06,1.37E+13,3.14E+02,1.87E-01,2.13E-09,r,4.4
372,6.28E+08,6.03E+09,4.20E-02,9.75E+27,3.38E+06,1.64E+13,3.61E+02,1.84E-01,3.26E-09,r,4.4
373,6.16E+08,6.86E+09,4.72E-02,9.75E+27,3.52E+06,1.96E+13,4.15E+02,1.80E-01,4.95E-09,r,4.4
374,6.04E+08,7.80E+09,5.30E-02,9.75E+27,3.66E+06,2.34E+13,4.77E+02,1.76E-01,7.47E-09,r,4.4
375,5.92E+08,8.86E+09,5.93E-02,9.75E+27,3.81E+06,2.80E+13,5.47E+02,1.73E-01,1.12E-08,r,4.4
376,5.80E+08,1.01E+10,6.63E-02,9.75E+27,3.97E+06,3.34E+13,6.27E+02,1.69E-01,1.67E-08,r,4.4
377,5.68E+08,1.14E+10,7.40E-02,9.75E+27,4.13E+06,3.98E+13,7.18E+02,1.66E-01,2.47E-08,r,4.4
378,5.57E+08,1.29E+10,8.25E-02,9.75E+27,4.30E+06,4.74E+13,8.22E+02,1.62E-01,3.64E-08,r,4.3
379,5.45E+08,1.46E+10,9.17E-02,9.75E+27,4.48E+06,5.64E+13,9.39E+02,1.59E-01,5.34E-08,r,4.3
380,5.33E+08,1.64E+10,1.02E-01,9.75E+27,4.66E+06,6.70E+13,1.07E+03,1.56E-01,7.78E-08,r,4.3
381,5.21E+08,1.85E+10,1.13E-01,9.75E+27,4.85E+06,7.95E+13,1.22E+03,1.53E-01,1.13E-07,r,4.3
382,5.09E+08,2.08E+10,1.25E-01,9.75E+27,5.04E+06,9.42E+13,1.39E+03,1.49E-01,1.63E-07,r,4.3
383,4.97E+08,2.35E+10,1.38E-01,9.75E+27,5.25E+06,1.12E+14,1.59E+03,1.46E-01,2.34E-07,r,4.3
384,4.85E+08,2.64E+10,1.52E-01,9.75E+27,5.46E+06,1.32E+14,1.80E+03,1.43E-01,3.35E-07,r,4.2
385,4.74E+08,2.96E+10,1.67E-01,9.75E+27,5.68E+06,1.56E+14,2.05E+03,1.40E-01,4.77E-07,r,4.2
386,4.62E+08,3.32E+10,1.84E-01,9.75E+27,5.90E+06,1.84E+14,2.33E+03,1.37E-01,6.75E-07,r,4.2
387,4.50E+08,3.71E+10,2.01E-01,9.75E+27,6.14E+06,2.17E+14,2.64E+03,1.34E-01,9.53E-07,r,4.2
388,4.38E+08,4.15E+10,2.20E-01,9.75E+27,6.39E+06,2.56E+14,2.98E+03,1.31E-01,1.34E-06,r,4.1
389,4.26E+08,4.64E+10,2.41E-01,9.75E+27,6.64E+06,3.00E+14,3.37E+03,1.28E-01,1.87E-06,r,4.1
390,4.14E+08,5.17E+10,2.62E-01,9.75E+27,6.91E+06,3.53E+14,3.81E+03,1.25E-01,2.60E-06,r,4.1
391,4.03E+08,5.76E+10,2.85E-01,9.75E+27,7.18E+06,4.13E+14,4.29E+03,1.22E-01,3.59E-06,r,4
392,3.91E+08,6.41E+10,3.10E-01,9.75E+27,7.47E+06,4.83E+14,4.83E+03,1.19E-01,4.95E-06,r,4
393,3.79E+08,7.12E+10,3.36E-01,9.75E+27,7.76E+06,5.64E+14,5.42E+03,1.16E-01,6.77E-06,r,4
394,3.67E+08,7.89E+10,3.63E-01,9.75E+27,8.07E+06,6.57E+14,6.07E+03,1.13E-01,9.23E-06,r,3.9
395,3.55E+08,8.74E+10,3.91E-01,9.75E+27,8.39E+06,7.63E+14,6.78E+03,1.10E-01,1.25E-05,r,3.9
396,3.43E+08,9.66E+10,4.21E-01,9.75E+27,8.72E+06,8.84E+14,7.56E+03,1.07E-01,1.68E-05,r,3.8
397,3.32E+08,1.07E+11,4.51E-01,9.74E+27,9.06E+06,1.02E+15,8.41E+03,1.04E-01,2.25E-05,r,3.8
398,3.20E+08,1.17E+11,4.83E-01,9.74E+27,9.41E+06,1.18E+15,9.33E+03,1.01E-01,3.00E-05,r,3.7
399,3.08E+08,1.29E+11,5.15E-01,9.73E+27,9.78E+06,1.35E+15,1.03E+04,9.75E-02,3.97E-05,r,3.6
400,2.96E+08,1.41E+11,5.48E-01,9.73E+27,1.02E+07,1.55E+15,1.14E+04,9.45E-02,5.22E-05,r,3.5
401,2.84E+08,1.54E+11,5.82E-01,9.72E+27,1.06E+07,1.77E+15,1.25E+04,9.15E-02,6.82E-05,r,3.5
402,2.72E+08,1.68E+11,6.15E-01,9.71E+27,1.10E+07,2.01E+15,1.37E+04,8.85E-02,8.85E-05,r,3.4
403,2.61E+08,1.83E+11,6.49E-01,9.70E+27,1.14E+07,2.27E+15,1.49E+04,8.56E-02,1.14E-04,r,3.3
404,2.49E+08,1.98E+11,6.82E-01,9.68E+27,1.18E+07,2.55E+15,1.61E+04,8.26E-02,1.46E-04,r,3.2
405,2.37E+08,2.14E+11,7.14E-01,9.66E+27,1.22E+07,2.86E+15,1.74E+04,7.97E-02,1.86E-04,r,3.1
406,2.25E+08,2.31E+11,7.46E-01,9.63E+27,1.27E+07,3.19E+15,1.87E+04,7.68E-02,2.35E-04,r,3
407,2.13E+08,2.48E+11,7.76E-01,9.60E+27,1.32E+07,3.54E+15,2.00E+04,7.40E-02,2.96E-04,r,2.9
408,2.01E+08,2.66E+11,8.04E-01,9.56E+27,1.37E+07,3.91E+15,2.13E+04,7.12E-02,3.71E-04,r,2.7
409,1.89E+08,2.84E+11,8.31E-01,9.51E+27,1.42E+07,4.29E+15,2.26E+04,6.85E-02,4.64E-04,r,2.6
410,1.78E+08,3.03E+11,8.56E-01,9.46E+27,1.47E+07,4.69E+15,2.38E+04,6.58E-02,5.79E-04,c,2.5
411,1.66E+08,3.21E+11,8.79E-01,9.40E+27,1.52E+07,5.10E+15,2.50E+04,6.32E-02,7.24E-04,c,2.3
412,1.54E+08,3.40E+11,8.99E-01,9.33E+27,1.57E+07,5.52E+15,2.61E+04,6.08E-02,9.08E-04,c,2.1
413,1.42E+08,3.59E+11,9.17E-01,9.26E+27,1.62E+07,5.95E+15,2.71E+04,5.86E-02,1.15E-03,c,1.9
414,1.30E+08,3.78E+11,9.32E-01,9.18E+27,1.68E+07,6.39E+15,2.81E+04,5.64E-02,1.48E-03,c,1.7
415,1.18E+08,3.96E+11,9.46E-01,9.09E+27,1.73E+07,6.84E+15,2.91E+04,5.44E-02,1.96E-03,c,1.6
416,1.07E+08,4.15E+11,9.57E-01,9.00E+27,1.79E+07,7.30E+15,2.99E+04,5.24E-02,2.71E-03,c,1.4
417,9.47E+07,4.33E+11,9.65E-01,8.89E+27,1.86E+07,7.79E+15,3.07E+04,5.04E-02,4.00E-03,c,1.3
418,8.29E+07,4.52E+11,9.72E-01,8.77E+27,1.93E+07,8.33E+15,3.14E+04,4.85E-02,6.53E-03,c,1.1
419,7.10E+07,4.69E+11,9.77E-01,8.62E+27,2.01E+07,8.95E+15,3.22E+04,4.65E-02,1.23E-02,c,1.1
420,5.92E+07,4.87E+11,9.81E-01,8.43E+27,2.12E+07,9.76E+15,3.31E+04,4.45E-02,2.87E-02,c,1
421,4.74E+07,5.04E+11,9.83E-01,8.11E+27,2.27E+07,1.10E+16,3.46E+04,4.24E-02,9.40E-02,c,1.1
422,3.55E+07,5.22E+11,9.84E-01,7.41E+27,2.51E+07,1.34E+16,3.76E+04,4.03E-02,5.51E-01,c,1.3
423,2.37E+07,5.43E+11,9.85E-01,4.50E+27,3.06E+07,2.17E+16,5.09E+04,3.91E-02,6.23E+00,c,2.4
424,1.18E+07,5.85E+11,9.85E-01,-4.34E+30,6.06E+17,3.05E+27,1.50E+05,3.46E-02,2.86E+06,c,1.8