0,7.37E+08,0.00E+00,0.00E+00,3.30E+26,0.00E+00,0.00E+00,0.00E+00,0.00E+00,0.00E+00,r,99.9
1,7.36E+08,1.36E-01,3.91E-14,3.30E+26,3.17E+03,6.82E-01,1.55E-08,2.38E+01,9.409-108,r,1
2,7.36E+08,1.36E-01,1.09E-13,3.30E+26,8.56E+03,5.67E+00,4.29E-08,1.69E+00,2.15E-79,c,1.7
3,7.36E+08,1.36E-01,1.89E-13,3.30E+26,1.40E+04,1.14E+01,1.04E-08,1.30E-01,2.38E-69,c,1.4
4,7.35E+08,1.36E-01,3.41E-13,3.30E+26,1.94E+04,2.24E+01,9.55E-08,2.14E-01,3.56E-62,c,2.3
5,7.34E+08,1.36E-01,5.70E-13,3.30E+26,2.21E+04,3.90E+01,2.49E-08,9.53E-02,9.29E-63,r,99.9
6,7.34E+08,1.36E-01,8.58E-13,3.30E+26,2.21E+04,5.99E+01,3.60E-08,8.60E-02,2.66E-60,r,99.9
7,7.33E+08,1.36E-01,8.83E-13,3.30E+26,2.21E+04,6.18E+01,7.30E-10,3.63E-02,5.39E-62,r,99.9
8,7.32E+08,1.36E-01,8.99E-13,3.30E+26,2.21E+04,6.30E+01,1.02E-08,5.30E-02,7.55E-61,r,99.9
9,7.31E+08,1.36E-01,9.32E-13,3.30E+26,2.21E+04,6.54E+01,1.78E-08,6.36E-02,1.32E-60,r,99.9
10,7.31E+08,1.36E-01,9.93E-13,3.30E+26,2.21E+04,6.99E+01,3.33E-08,8.28E-02,2.46E-60,r,99.9
11,7.30E+08,1.36E-01,1.11E-12,3.30E+26,2.21E+04,7.84E+01,6.20E-08,1.14E-01,4.58E-60,r,99.9
12,7.29E+08,1.36E-01,1.32E-12,3.30E+26,2.21E+04,9.41E+01,1.16E-07,1.66E-01,8.53E-60,r,99.9
13,7.28E+08,1.36E-01,1.71E-12,3.30E+26,2.21E+04,1.24E+02,2.16E-07,2.52E-01,1.59E-59,r,99.9
14,7.28E+08,1.36E-01,2.44E-12,3.30E+26,2.21E+04,1.79E+02,4.03E-07,3.93E-01,2.98E-59,r,99.9
15,7.27E+08,1.36E-01,3.81E-12,3.30E+26,2.21E+04,2.82E+02,7.54E-07,6.27E-01,5.62E-59,r,99.9
16,7.26E+08,1.36E-01,6.37E-12,3.30E+26,2.21E+04,4.75E+02,1.41E-06,1.01E+00,1.07E-58,r,99.9
17,7.25E+08,1.36E-01,1.11E-11,3.30E+26,2.21E+04,8.38E+02,2.64E-06,1.64E+00,2.11E-58,r,99.9
18,7.25E+08,1.36E-01,2.00E-11,3.30E+26,2.22E+04,1.52E+03,4.93E-06,2.65E+00,4.60E-58,r,99.9
19,7.24E+08,1.36E-01,3.65E-11,3.30E+26,2.25E+04,2.78E+03,9.09E-06,4.14E+00,1.33E-57,r,52.1
20,7.23E+08,1.36E-01,6.65E-11,3.30E+26,2.31E+04,5.09E+03,1.63E-05,5.97E+00,7.34E-57,r,20.5
21,7.22E+08,1.36E-01,1.19E-10,3.30E+26,2.45E+04,9.13E+03,2.77E-05,7.48E+00,1.11E-55,r,10
22,7.22E+08,1.36E-01,2.04E-10,3.30E+26,2.65E+04,1.58E+04,4.42E-05,8.15E+00,3.93E-54,r,6.5
23,7.21E+08,1.36E-01,3.37E-10,3.30E+26,2.91E+04,2.61E+04,6.66E-05,8.17E+00,1.78E-52,r,5.2
24,7.20E+08,1.36E-01,5.31E-10,3.30E+26,3.19E+04,4.13E+04,9.61E-05,7.92E+00,6.85E-51,r,4.8
25,7.20E+08,1.36E-01,8.06E-10,3.30E+26,3.49E+04,6.29E+04,1.34E-04,7.60E+00,1.95E-49,r,4.6
26,7.19E+08,1.36E-01,1.18E-09,3.30E+26,3.79E+04,9.27E+04,1.82E-04,7.28E+00,4.10E-48,r,4.5
27,7.18E+08,1.36E-01,1.69E-09,3.30E+26,4.09E+04,1.33E+05,2.41E-04,6.98E+00,6.55E-47,r,4.5
28,7.17E+08,1.36E-01,2.35E-09,3.30E+26,4.40E+04,1.85E+05,3.13E-04,6.70E+00,8.23E-46,r,4.5
29,7.17E+08,1.36E-01,3.19E-09,3.30E+26,4.71E+04,2.53E+05,3.99E-04,6.44E+00,8.39E-45,r,4.5
30,7.16E+08,1.36E-01,4.26E-09,3.30E+26,5.02E+04,3.38E+05,5.02E-04,6.20E+00,7.12E-44,r,4.5
31,7.15E+08,1.36E-01,5.60E-09,3.30E+26,5.33E+04,4.46E+05,6.23E-04,5.99E+00,5.16E-43,r,4.5
32,7.14E+08,1.36E-01,7.24E-09,3.30E+26,5.64E+04,5.78E+05,7.63E-04,5.79E+00,3.26E-42,r,4.5
33,7.14E+08,1.36E-01,9.23E-09,3.30E+26,5.95E+04,7.41E+05,9.26E-04,5.61E+00,1.82E-41,r,4.5
34,7.13E+08,1.36E-01,1.16E-08,3.30E+26,6.26E+04,9.37E+05,1.11E-03,5.44E+00,9.07E-41,r,4.5
35,7.12E+08,1.36E-01,1.45E-08,3.30E+26,6.57E+04,1.17E+06,1.33E-03,5.29E+00,4.12E-40,r,4.6
36,7.11E+08,1.36E-01,1.79E-08,3.30E+26,6.88E+04,1.45E+06,1.57E-03,5.14E+00,1.71E-39,r,4.6
37,7.11E+08,1.36E-01,2.19E-08,3.30E+26,7.20E+04,1.78E+06,1.84E-03,5.01E+00,6.57E-39,r,4.6
38,7.10E+08,1.36E-01,2.66E-08,3.30E+26,7.51E+04,2.17E+06,2.15E-03,4.88E+00,2.35E-38,r,4.6
39,7.09E+08,1.36E-01,3.20E-08,3.30E+26,7.83E+04,2.62E+06,2.49E-03,4.76E+00,7.88E-38,r,4.6
40,7.08E+08,1.36E-01,3.83E-08,3.30E+26,8.14E+04,3.14E+06,2.87E-03,4.65E+00,2.49E-37,r,4.6
41,7.08E+08,1.36E-01,4.54E-08,3.30E+26,8.46E+04,3.75E+06,3.30E-03,4.55E+00,7.45E-37,r,4.6
42,7.07E+08,1.36E-01,5.36E-08,3.30E+26,8.78E+04,4.44E+06,3.76E-03,4.45E+00,2.12E-36,r,4.6
43,7.06E+08,1.36E-01,6.30E-08,3.30E+26,9.10E+04,5.23E+06,4.28E-03,4.36E+00,5.77E-36,r,4.6
44,7.06E+08,1.36E-01,7.35E-08,3.30E+26,9.41E+04,6.12E+06,4.84E-03,4.27E+00,1.51E-35,r,4.6
45,7.05E+08,1.36E-01,8.54E-08,3.30E+26,9.73E+04,7.14E+06,5.46E-03,4.18E+00,3.78E-35,r,4.6
46,7.04E+08,1.36E-01,9.87E-08,3.30E+26,1.01E+05,8.28E+06,6.13E-03,4.10E+00,9.13E-35,r,4.6
47,7.03E+08,1.36E-01,1.14E-07,3.30E+26,1.04E+05,9.57E+06,6.87E-03,4.03E+00,2.13E-34,r,4.6
48,7.03E+08,1.36E-01,1.30E-07,3.30E+26,1.07E+05,1.10E+07,7.66E-03,3.96E+00,4.83E-34,r,4.6
49,7.02E+08,1.36E-01,1.49E-07,3.30E+26,1.10E+05,1.26E+07,8.53E-03,3.89E+00,1.06E-33,r,4.6
50,7.01E+08,1.36E-01,1.69E-07,3.30E+26,1.13E+05,1.44E+07,9.46E-03,3.82E+00,2.27E-33,r,4.6
51,7.00E+08,1.36E-01,1.92E-07,3.30E+26,1.17E+05,1.64E+07,1.05E-02,3.76E+00,4.74E-33,r,4.6
52,7.00E+08,1.36E-01,2.17E-07,3.30E+26,1.20E+05,1.86E+07,1.16E-02,3.70E+00,9.63E-33,r,4.6
53,6.99E+08,1.36E-01,2.45E-07,3.30E+26,1.23E+05,2.10E+07,1.27E-02,3.64E+00,1.91E-32,r,4.6
54,6.98E+08,1.36E-01,2.75E-07,3.30E+26,1.26E+05,2.37E+07,1.40E-02,3.58E+00,3.72E-32,r,4.6
55,6.97E+08,1.36E-01,3.08E-07,3.30E+26,1.30E+05,2.67E+07,1.53E-02,3.53E+00,7.10E-32,r,4.6
56,6.97E+08,1.36E-01,3.44E-07,3.30E+26,1.33E+05,2.99E+07,1.68E-02,3.48E+00,1.33E-31,r,4.6
57,6.96E+08,1.36E-01,3.84E-07,3.30E+26,1.36E+05,3.34E+07,1.83E-02,3.43E+00,2.44E-31,r,4.6
58,6.95E+08,1.36E-01,4.27E-07,3.30E+26,1.40E+05,3.73E+07,1.99E-02,3.38E+00,4.39E-31,r,4.6
59,6.94E+08,1.36E-01,4.73E-07,3.30E+26,1.43E+05,4.15E+07,2.17E-02,3.33E+00,7.79E-31,r,4.6
60,6.94E+08,1.36E-01,5.24E-07,3.30E+26,1.46E+05,4.61E+07,2.35E-02,3.29E+00,1.36E-30,r,4.6
61,6.93E+08,1.36E-01,5.79E-07,3.30E+26,1.49E+05,5.11E+07,2.55E-02,3.25E+00,2.34E-30,r,4.6
62,6.92E+08,1.36E-01,6.38E-07,3.30E+26,1.53E+05,5.66E+07,2.76E-02,3.20E+00,3.98E-30,r,4.6
63,6.92E+08,1.36E-01,7.02E-07,3.30E+26,1.56E+05,6.24E+07,2.98E-02,3.16E+00,6.65E-30,r,4.6
64,6.91E+08,1.36E-01,7.70E-07,3.30E+26,1.59E+05,6.88E+07,3.22E-02,3.12E+00,1.10E-29,r,4.6
65,6.90E+08,1.36E-01,8.44E-07,3.30E+26,1.63E+05,7.57E+07,3.47E-02,3.09E+00,1.80E-29,r,4.6
66,6.89E+08,1.36E-01,9.24E-07,3.30E+26,1.66E+05,8.31E+07,3.73E-02,3.05E+00,2.90E-29,r,4.6
67,6.89E+08,1.36E-01,1.01E-06,3.30E+26,1.69E+05,9.11E+07,4.01E-02,3.01E+00,4.62E-29,r,4.6
68,6.88E+08,1.36E-01,1.10E-06,3.30E+26,1.73E+05,9.97E+07,4.30E-02,2.98E+00,7.29E-29,r,4.6
69,6.87E+08,1.36E-01,1.20E-06,3.30E+26,1.76E+05,1.09E+08,4.61E-02,2.95E+00,1.14E-28,r,4.6
70,6.86E+08,1.36E-01,1.30E-06,3.30E+26,1.80E+05,1.19E+08,4.93E-02,2.91E+00,1.76E-28,r,4.6
71,6.86E+08,1.36E-01,1.41E-06,3.30E+26,1.83E+05,1.29E+08,5.27E-02,2.88E+00,2.70E-28,r,4.6
72,6.85E+08,1.36E-01,1.53E-06,3.30E+26,1.86E+05,1.41E+08,5.63E-02,2.85E+00,4.09E-28,r,4.6
73,6.84E+08,1.36E-01,1.66E-06,3.30E+26,1.90E+05,1.53E+08,6.01E-02,2.82E+00,6.16E-28,r,4.6
74,6.83E+08,1.36E-01,1.80E-06,3.30E+26,1.93E+05,1.66E+08,6.41E-02,2.79E+00,9.19E-28,r,4.6
75,6.83E+08,1.36E-01,1.94E-06,3.30E+26,1.97E+05,1.80E+08,6.82E-02,2.76E+00,1.36E-27,r,4.6
76,6.82E+08,1.36E-01,2.09E-06,3.30E+26,2.00E+05,1.95E+08,7.26E-02,2.73E+00,2.00E-27,r,4.6
77,6.81E+08,1.36E-01,2.25E-06,3.30E+26,2.03E+05,2.11E+08,7.72E-02,2.71E+00,2.91E-27,r,4.6
78,6.80E+08,1.36E-01,2.42E-06,3.30E+26,2.07E+05,2.27E+08,8.20E-02,2.68E+00,4.21E-27,r,4.6
79,6.80E+08,1.36E-01,2.61E-06,3.30E+26,2.10E+05,2.45E+08,8.70E-02,2.66E+00,6.04E-27,r,4.6
80,6.79E+08,1.36E-01,2.80E-06,3.30E+26,2.14E+05,2.64E+08,9.22E-02,2.63E+00,8.62E-27,r,4.6
81,6.78E+08,1.36E-01,3.00E-06,3.30E+26,2.17E+05,2.85E+08,9.77E-02,2.61E+00,1.22E-26,r,4.6
82,6.78E+08,1.36E-01,3.21E-06,3.30E+26,2.21E+05,3.06E+08,1.03E-01,2.58E+00,1.72E-26,r,4.6
83,6.77E+08,1.36E-01,3.44E-06,3.30E+26,2.24E+05,3.29E+08,1.09E-01,2.56E+00,2.41E-26,r,4.6
84,6.76E+08,1.36E-01,3.68E-06,3.30E+26,2.28E+05,3.53E+08,1.16E-01,2.53E+00,3.35E-26,r,4.6
85,6.75E+08,1.36E-01,3.93E-06,3.30E+26,2.31E+05,3.78E+08,1.22E-01,2.51E+00,4.64E-26,r,4.6
86,6.75E+08,1.36E-01,4.20E-06,3.30E+26,2.35E+05,4.05E+08,1.29E-01,2.49E+00,6.39E-26,r,4.6
87,6.74E+08,1.36E-01,4.48E-06,3.30E+26,2.38E+05,4.34E+08,1.36E-01,2.47E+00,8.74E-26,r,4.6
88,6.73E+08,1.36E-01,4.77E-06,3.30E+26,2.42E+05,4.64E+08,1.43E-01,2.45E+00,1.19E-25,r,4.6
89,6.72E+08,1.36E-01,5.08E-06,3.30E+26,2.45E+05,4.96E+08,1.51E-01,2.43E+00,1.61E-25,r,4.6
90,6.72E+08,1.36E-01,5.41E-06,3.30E+26,2.49E+05,5.30E+08,1.59E-01,2.41E+00,2.17E-25,r,4.6
91,6.71E+08,1.36E-01,5.75E-06,3.30E+26,2.52E+05,5.65E+08,1.67E-01,2.39E+00,2.92E-25,r,4.6
92,6.70E+08,1.36E-01,6.10E-06,3.30E+26,2.56E+05,6.02E+08,1.76E-01,2.37E+00,3.89E-25,r,4.6
93,6.69E+08,1.36E-01,6.48E-06,3.30E+26,2.59E+05,6.42E+08,1.85E-01,2.35E+00,5.18E-25,r,4.6
94,6.69E+08,1.36E-01,6.87E-06,3.30E+26,2.63E+05,6.83E+08,1.94E-01,2.33E+00,6.85E-25,r,4.6
95,6.68E+08,1.36E-01,7.28E-06,3.30E+26,2.66E+05,7.27E+08,2.03E-01,2.31E+00,9.03E-25,r,4.6
96,6.67E+08,1.36E-01,7.72E-06,3.30E+26,2.70E+05,7.73E+08,2.13E-01,2.29E+00,1.19E-24,r,4.6
97,6.66E+08,1.36E-01,8.17E-06,3.30E+26,2.74E+05,8.21E+08,2.24E-01,2.28E+00,1.55E-24,r,4.6
98,6.66E+08,1.36E-01,8.64E-06,3.30E+26,2.77E+05,8.72E+08,2.34E-01,2.26E+00,2.02E-24,r,4.6
99,6.65E+08,1.36E-01,9.13E-06,3.30E+26,2.81E+05,9.25E+08,2.46E-01,2.24E+00,2.62E-24,r,4.6
100,6.64E+08,1.36E-01,9.65E-06,3.30E+26,2.84E+05,9.81E+08,2.57E-01,2.23E+00,3.39E-24,r,4.6
101,6.64E+08,1.36E-01,1.02E-05,3.30E+26,2.88E+05,1.04E+09,2.69E-01,2.21E+00,4.36E-24,r,4.6
102,6.63E+08,1.36E-01,1.08E-05,3.30E+26,2.92E+05,1.10E+09,2.81E-01,2.19E+00,5.60E-24,r,4.6
103,6.62E+08,1.36E-01,1.13E-05,3.30E+26,2.95E+05,1.17E+09,2.94E-01,2.18E+00,7.17E-24,r,4.6
104,6.61E+08,1.36E-01,1.20E-05,3.30E+26,2.99E+05,1.23E+09,3.07E-01,2.16E+00,9.14E-24,r,4.6
105,6.61E+08,1.36E-01,1.26E-05,3.30E+26,3.03E+05,1.30E+09,3.21E-01,2.15E+00,1.16E-23,r,4.6
106,6.60E+08,1.36E-01,1.33E-05,3.30E+26,3.06E+05,1.38E+09,3.35E-01,2.13E+00,1.47E-23,r,4.6
107,6.59E+08,1.36E-01,1.39E-05,3.30E+26,3.10E+05,1.45E+09,3.50E-01,2.12E+00,1.86E-23,r,4.6
108,6.58E+08,1.36E-01,1.47E-05,3.30E+26,3.14E+05,1.53E+09,3.65E-01,2.10E+00,2.34E-23,r,4.6
109,6.58E+08,1.36E-01,1.54E-05,3.30E+26,3.17E+05,1.62E+09,3.81E-01,2.09E+00,2.94E-23,r,4.6
110,6.57E+08,1.36E-01,1.62E-05,3.30E+26,3.21E+05,1.71E+09,3.97E-01,2.08E+00,3.68E-23,r,4.6
111,6.56E+08,1.36E-01,1.70E-05,3.30E+26,3.25E+05,1.80E+09,4.13E-01,2.06E+00,4.59E-23,r,4.6
112,6.55E+08,1.36E-01,1.78E-05,3.30E+26,3.28E+05,1.90E+09,4.30E-01,2.05E+00,5.72E-23,r,4.6
113,6.55E+08,1.36E-01,1.87E-05,3.30E+26,3.32E+05,2.00E+09,4.48E-01,2.04E+00,7.10E-23,r,4.6
114,6.54E+08,1.36E-01,1.96E-05,3.30E+26,3.36E+05,2.10E+09,4.66E-01,2.02E+00,8.80E-23,r,4.6
115,6.53E+08,1.36E-01,2.06E-05,3.30E+26,3.40E+05,2.21E+09,4.85E-01,2.01E+00,1.09E-22,r,4.6
116,6.52E+08,1.36E-01,2.16E-05,3.30E+26,3.43E+05,2.32E+09,5.05E-01,2.00E+00,1.34E-22,r,4.6
117,6.52E+08,1.36E-01,2.26E-05,3.30E+26,3.47E+05,2.44E+09,5.25E-01,1.98E+00,1.65E-22,r,4.6
118,6.51E+08,1.36E-01,2.36E-05,3.30E+26,3.51E+05,2.57E+09,5.46E-01,1.97E+00,2.02E-22,r,4.6
119,6.50E+08,1.36E-01,2.47E-05,3.30E+26,3.55E+05,2.70E+09,5.67E-01,1.96E+00,2.47E-22,r,4.6
120,6.50E+08,1.36E-01,2.59E-05,3.30E+26,3.58E+05,2.83E+09,5.89E-01,1.95E+00,3.02E-22,r,4.6
121,6.49E+08,1.36E-01,2.70E-05,3.30E+26,3.62E+05,2.97E+09,6.11E-01,1.94E+00,3.68E-22,r,4.6
122,6.48E+08,1.36E-01,2.82E-05,3.30E+26,3.66E+05,3.11E+09,6.35E-01,1.92E+00,4.47E-22,r,4.6
123,6.47E+08,1.36E-01,2.95E-05,3.30E+26,3.70E+05,3.27E+09,6.59E-01,1.91E+00,5.42E-22,r,4.6
124,6.47E+08,1.36E-01,3.08E-05,3.30E+26,3.74E+05,3.42E+09,6.83E-01,1.90E+00,6.56E-22,r,4.6
125,6.46E+08,1.36E-01,3.22E-05,3.30E+26,3.77E+05,3.59E+09,7.09E-01,1.89E+00,7.92E-22,r,4.6
126,6.45E+08,1.36E-01,3.36E-05,3.30E+26,3.81E+05,3.76E+09,7.35E-01,1.88E+00,9.55E-22,r,4.6
127,6.44E+08,1.36E-01,3.50E-05,3.30E+26,3.85E+05,3.93E+09,7.62E-01,1.87E+00,1.15E-21,r,4.6
128,6.44E+08,1.36E-01,3.65E-05,3.30E+26,3.89E+05,4.12E+09,7.89E-01,1.86E+00,1.38E-21,r,4.6
129,6.43E+08,1.36E-01,3.80E-05,3.30E+26,3.93E+05,4.31E+09,8.18E-01,1.85E+00,1.65E-21,r,4.6
130,6.42E+08,1.36E-01,3.96E-05,3.30E+26,3.97E+05,4.50E+09,8.47E-01,1.84E+00,1.98E-21,r,4.6
131,6.41E+08,1.36E-01,4.13E-05,3.30E+26,4.01E+05,4.71E+09,8.77E-01,1.83E+00,2.36E-21,r,4.6
132,6.41E+08,1.36E-01,4.30E-05,3.30E+26,4.04E+05,4.92E+09,9.08E-01,1.82E+00,2.82E-21,r,4.6
133,6.40E+08,1.36E-01,4.47E-05,3.30E+26,4.08E+05,5.14E+09,9.39E-01,1.81E+00,3.35E-21,r,4.6
134,6.39E+08,1.36E-01,4.66E-05,3.30E+26,4.12E+05,5.37E+09,9.72E-01,1.80E+00,3.98E-21,r,4.6
135,6.38E+08,1.36E-01,4.84E-05,3.30E+26,4.16E+05,5.61E+09,1.01E+00,1.79E+00,4.72E-21,r,4.6
136,6.38E+08,1.36E-01,5.04E-05,3.30E+26,4.20E+05,5.86E+09,1.04E+00,1.78E+00,5.59E-21,r,4.6
137,6.37E+08,1.36E-01,5.24E-05,3.30E+26,4.24E+05,6.11E+09,1.08E+00,1.77E+00,6.61E-21,r,4.6
138,6.36E+08,1.36E-01,5.44E-05,3.30E+26,4.28E+05,6.38E+09,1.11E+00,1.76E+00,7.80E-21,r,4.6
139,6.35E+08,1.36E-01,5.65E-05,3.30E+26,4.32E+05,6.65E+09,1.15E+00,1.75E+00,9.19E-21,r,4.6
140,6.35E+08,1.36E-01,5.87E-05,3.30E+26,4.36E+05,6.93E+09,1.19E+00,1.74E+00,1.08E-20,r,4.6
141,6.34E+08,1.36E-01,6.10E-05,3.30E+26,4.40E+05,7.23E+09,1.23E+00,1.73E+00,1.27E-20,r,4.6
142,6.33E+08,1.36E-01,6.33E-05,3.30E+26,4.44E+05,7.53E+09,1.27E+00,1.72E+00,1.49E-20,r,4.6
143,6.33E+08,1.36E-01,6.57E-05,3.30E+26,4.48E+05,7.85E+09,1.31E+00,1.71E+00,1.75E-20,r,4.6
144,6.32E+08,1.36E-01,6.82E-05,3.30E+26,4.52E+05,8.17E+09,1.35E+00,1.71E+00,2.04E-20,r,4.6
145,6.31E+08,1.36E-01,7.07E-05,3.30E+26,4.56E+05,8.51E+09,1.39E+00,1.70E+00,2.38E-20,r,4.6
146,6.30E+08,1.36E-01,7.33E-05,3.30E+26,4.60E+05,8.86E+09,1.44E+00,1.69E+00,2.78E-20,r,4.6
147,6.30E+08,1.36E-01,7.60E-05,3.30E+26,4.64E+05,9.22E+09,1.48E+00,1.68E+00,3.24E-20,r,4.6
148,6.29E+08,1.36E-01,7.88E-05,3.30E+26,4.68E+05,9.59E+09,1.53E+00,1.67E+00,3.77E-20,r,4.6
149,6.28E+08,1.36E-01,8.16E-05,3.30E+26,4.72E+05,9.98E+09,1.58E+00,1.66E+00,4.38E-20,r,4.6
150,6.27E+08,1.36E-01,8.46E-05,3.30E+26,4.76E+05,1.04E+10,1.63E+00,1.66E+00,5.08E-20,r,4.6
151,6.27E+08,1.36E-01,8.76E-05,3.30E+26,4.80E+05,1.08E+10,1.68E+00,1.65E+00,5.89E-20,r,4.6
152,6.26E+08,1.36E-01,9.07E-05,3.30E+26,4.84E+05,1.12E+10,1.73E+00,1.64E+00,6.81E-20,r,4.6
153,6.25E+08,1.36E-01,9.39E-05,3.30E+26,4.88E+05,1.17E+10,1.78E+00,1.63E+00,7.88E-20,r,4.6
154,6.24E+08,1.36E-01,9.71E-05,3.30E+26,4.92E+05,1.21E+10,1.83E+00,1.62E+00,9.09E-20,r,4.6
155,6.24E+08,1.36E-01,1.01E-04,3.30E+26,4.97E+05,1.26E+10,1.89E+00,1.62E+00,1.05E-19,r,4.6
156,6.23E+08,1.36E-01,1.04E-04,3.30E+26,5.01E+05,1.31E+10,1.95E+00,1.61E+00,1.21E-19,r,4.6
157,6.22E+08,1.36E-01,1.08E-04,3.30E+26,5.05E+05,1.36E+10,2.00E+00,1.60E+00,1.39E-19,r,4.6
158,6.21E+08,1.36E-01,1.11E-04,3.30E+26,5.09E+05,1.41E+10,2.06E+00,1.59E+00,1.60E-19,r,4.6
159,6.21E+08,1.36E-01,1.15E-04,3.30E+26,5.13E+05,1.46E+10,2.12E+00,1.59E+00,1.83E-19,r,4.6
160,6.20E+08,1.36E-01,1.19E-04,3.30E+26,5.17E+05,1.52E+10,2.19E+00,1.58E+00,2.10E-19,r,4.6
161,6.19E+08,1.36E-01,1.23E-04,3.30E+26,5.21E+05,1.57E+10,2.25E+00,1.57E+00,2.41E-19,r,4.6
162,6.19E+08,1.36E-01,1.27E-04,3.30E+26,5.26E+05,1.63E+10,2.32E+00,1.57E+00,2.76E-19,r,4.6
163,6.18E+08,1.36E-01,1.31E-04,3.30E+26,5.30E+05,1.69E+10,2.38E+00,1.56E+00,3.15E-19,r,4.6
164,6.17E+08,1.36E-01,1.35E-04,3.30E+26,5.34E+05,1.75E+10,2.45E+00,1.55E+00,3.60E-19,r,4.6
165,6.16E+08,1.36E-01,1.40E-04,3.30E+26,5.38E+05,1.82E+10,2.52E+00,1.54E+00,4.11E-19,r,4.6
166,6.16E+08,1.36E-01,1.44E-04,3.30E+26,5.42E+05,1.88E+10,2.59E+00,1.54E+00,4.68E-19,r,4.6
167,6.15E+08,1.36E-01,1.49E-04,3.30E+26,5.47E+05,1.95E+10,2.66E+00,1.53E+00,5.33E-19,r,4.6
168,6.14E+08,1.36E-01,1.54E-04,3.30E+26,5.51E+05,2.02E+10,2.74E+00,1.52E+00,6.06E-19,r,4.6
169,6.13E+08,1.36E-01,1.58E-04,3.30E+26,5.55E+05,2.09E+10,2.81E+00,1.52E+00,6.89E-19,r,4.6
170,6.13E+08,1.36E-01,1.63E-04,3.30E+26,5.59E+05,2.17E+10,2.89E+00,1.51E+00,7.82E-19,r,4.6
171,6.12E+08,1.36E-01,1.68E-04,3.30E+26,5.64E+05,2.25E+10,2.97E+00,1.50E+00,8.87E-19,r,4.6
172,6.11E+08,1.36E-01,1.74E-04,3.30E+26,5.68E+05,2.32E+10,3.05E+00,1.50E+00,1.01E-18,r,4.6
173,6.10E+08,1.36E-01,1.79E-04,3.30E+26,5.72E+05,2.41E+10,3.14E+00,1.49E+00,1.14E-18,r,4.6
174,6.10E+08,1.36E-01,1.85E-04,3.30E+26,5.77E+05,2.49E+10,3.22E+00,1.49E+00,1.29E-18,r,4.6
175,6.09E+08,1.36E-01,1.90E-04,3.30E+26,5.81E+05,2.58E+10,3.31E+00,1.48E+00,1.46E-18,r,4.6
176,6.08E+08,1.36E-01,1.96E-04,3.30E+26,5.85E+05,2.66E+10,3.40E+00,1.47E+00,1.64E-18,r,4.6
177,6.07E+08,1.36E-01,2.02E-04,3.30E+26,5.90E+05,2.76E+10,3.49E+00,1.47E+00,1.86E-18,r,4.6
178,6.07E+08,1.36E-01,2.08E-04,3.30E+26,5.94E+05,2.85E+10,3.58E+00,1.46E+00,2.09E-18,r,4.6
179,6.06E+08,1.36E-01,2.14E-04,3.30E+26,5.98E+05,2.95E+10,3.68E+00,1.46E+00,2.36E-18,r,4.6
180,6.05E+08,1.36E-01,2.20E-04,3.30E+26,6.03E+05,3.05E+10,3.77E+00,1.45E+00,2.65E-18,r,4.6
181,6.05E+08,1.36E-01,2.27E-04,3.30E+26,6.07E+05,3.15E+10,3.87E+00,1.44E+00,2.98E-18,r,4.6
182,6.04E+08,1.36E-01,2.34E-04,3.30E+26,6.11E+05,3.25E+10,3.97E+00,1.44E+00,3.35E-18,r,4.6
183,6.03E+08,1.36E-01,2.40E-04,3.30E+26,6.16E+05,3.36E+10,4.07E+00,1.43E+00,3.77E-18,r,4.6
184,6.02E+08,1.36E-01,2.47E-04,3.30E+26,6.20E+05,3.47E+10,4.18E+00,1.43E+00,4.23E-18,r,4.6
185,6.02E+08,1.36E-01,2.54E-04,3.30E+26,6.25E+05,3.59E+10,4.29E+00,1.42E+00,4.74E-18,r,4.6
186,6.01E+08,1.36E-01,2.62E-04,3.30E+26,6.29E+05,3.71E+10,4.40E+00,1.41E+00,5.31E-18,r,4.6
187,6.00E+08,1.36E-01,2.69E-04,3.30E+26,6.33E+05,3.83E+10,4.51E+00,1.41E+00,5.94E-18,r,4.6
188,5.99E+08,1.36E-01,2.77E-04,3.30E+26,6.38E+05,3.95E+10,4.62E+00,1.40E+00,6.65E-18,r,4.6
189,5.99E+08,1.36E-01,2.85E-04,3.30E+26,6.42E+05,4.08E+10,4.74E+00,1.40E+00,7.43E-18,r,4.6
190,5.98E+08,1.36E-01,2.93E-04,3.30E+26,6.47E+05,4.21E+10,4.86E+00,1.39E+00,8.31E-18,r,4.6
191,5.97E+08,1.36E-01,3.01E-04,3.30E+26,6.51E+05,4.35E+10,4.98E+00,1.39E+00,9.27E-18,r,4.6
192,5.96E+08,1.36E-01,3.09E-04,3.30E+26,6.56E+05,4.48E+10,5.10E+00,1.38E+00,1.03E-17,r,4.6
193,5.96E+08,1.36E-01,3.18E-04,3.30E+26,6.60E+05,4.63E+10,5.23E+00,1.38E+00,1.15E-17,r,4.6
194,5.95E+08,1.36E-01,3.26E-04,3.30E+26,6.65E+05,4.77E+10,5.36E+00,1.37E+00,1.29E-17,r,4.6
195,5.94E+08,1.36E-01,3.35E-04,3.30E+26,6.69E+05,4.92E+10,5.49E+00,1.37E+00,1.43E-17,r,4.6
196,5.93E+08,1.36E-01,3.44E-04,3.30E+26,6.74E+05,5.08E+10,5.62E+00,1.36E+00,1.59E-17,r,4.6
197,5.93E+08,1.36E-01,3.54E-04,3.30E+26,6.79E+05,5.24E+10,5.76E+00,1.36E+00,1.77E-17,r,4.6
198,5.92E+08,1.36E-01,3.63E-04,3.30E+26,6.83E+05,5.40E+10,5.90E+00,1.35E+00,1.97E-17,r,4.6
199,5.91E+08,1.36E-01,3.73E-04,3.30E+26,6.88E+05,5.57E+10,6.04E+00,1.35E+00,2.18E-17,r,4.6
200,5.91E+08,1.36E-01,3.83E-04,3.30E+26,6.92E+05,5.74E+10,6.19E+00,1.34E+00,2.42E-17,r,4.6
201,5.90E+08,1.36E-01,3.93E-04,3.30E+26,6.97E+05,5.92E+10,6.33E+00,1.34E+00,2.69E-17,r,4.6
202,5.89E+08,1.36E-01,4.03E-04,3.30E+26,7.01E+05,6.10E+10,6.48E+00,1.33E+00,2.98E-17,r,4.6
203,5.88E+08,1.36E-01,4.14E-04,3.30E+26,7.06E+05,6.28E+10,6.64E+00,1.33E+00,3.30E-17,r,4.6
204,5.88E+08,1.36E-01,4.25E-04,3.30E+26,7.11E+05,6.47E+10,6.80E+00,1.32E+00,3.66E-17,r,4.6
205,5.87E+08,1.36E-01,4.36E-04,3.30E+26,7.15E+05,6.67E+10,6.96E+00,1.32E+00,4.05E-17,r,4.6
206,5.86E+08,1.36E-01,4.47E-04,3.30E+26,7.20E+05,6.87E+10,7.12E+00,1.31E+00,4.47E-17,r,4.6
207,5.85E+08,1.36E-01,4.58E-04,3.30E+26,7.25E+05,7.07E+10,7.28E+00,1.31E+00,4.94E-17,r,4.6
208,5.85E+08,1.36E-01,4.70E-04,3.30E+26,7.29E+05,7.29E+10,7.45E+00,1.30E+00,5.46E-17,r,4.6
209,5.84E+08,1.36E-01,4.82E-04,3.30E+26,7.34E+05,7.50E+10,7.63E+00,1.30E+00,6.03E-17,r,4.6
210,5.83E+08,1.36E-01,4.94E-04,3.30E+26,7.39E+05,7.72E+10,7.80E+00,1.29E+00,6.65E-17,r,4.6
211,5.82E+08,1.36E-01,5.07E-04,3.30E+26,7.44E+05,7.95E+10,7.98E+00,1.29E+00,7.34E-17,r,4.6
212,5.82E+08,1.36E-01,5.19E-04,3.30E+26,7.48E+05,8.19E+10,8.16E+00,1.28E+00,8.09E-17,r,4.6
213,5.81E+08,1.36E-01,5.32E-04,3.30E+26,7.53E+05,8.43E+10,8.35E+00,1.28E+00,8.91E-17,r,4.6
214,5.80E+08,1.36E-01,5.46E-04,3.30E+26,7.58E+05,8.67E+10,8.54E+00,1.28E+00,9.81E-17,r,4.6
215,5.79E+08,1.36E-01,5.59E-04,3.30E+26,7.63E+05,8.92E+10,8.73E+00,1.27E+00,1.08E-16,r,4.6
216,5.79E+08,1.36E-01,5.73E-04,3.30E+26,7.67E+05,9.18E+10,8.93E+00,1.27E+00,1.19E-16,r,4.6
217,5.78E+08,1.36E-01,5.87E-04,3.30E+26,7.72E+05,9.45E+10,9.13E+00,1.26E+00,1.31E-16,r,4.6
218,5.77E+08,1.36E-01,6.01E-04,3.30E+26,7.77E+05,9.72E+10,9.33E+00,1.26E+00,1.43E-16,r,4.6
219,5.77E+08,1.36E-01,6.16E-04,3.30E+26,7.82E+05,9.99E+10,9.54E+00,1.25E+00,1.58E-16,r,4.6
220,5.76E+08,1.36E-01,6.31E-04,3.30E+26,7.87E+05,1.03E+11,9.75E+00,1.25E+00,1.73E-16,r,4.6
221,5.75E+08,1.36E-01,6.46E-04,3.30E+26,7.91E+05,1.06E+11,9.97E+00,1.24E+00,1.90E-16,r,4.6
222,5.74E+08,1.36E-01,6.61E-04,3.30E+26,7.96E+05,1.09E+11,1.02E+01,1.24E+00,2.08E-16,r,4.6
223,5.74E+08,1.36E-01,6.77E-04,3.30E+26,8.01E+05,1.12E+11,1.04E+01,1.24E+00,2.28E-16,r,4.6
224,5.73E+08,1.36E-01,6.93E-04,3.30E+26,8.06E+05,1.15E+11,1.06E+01,1.23E+00,2.50E-16,r,4.6
225,5.72E+08,1.36E-01,7.09E-04,3.30E+26,8.11E+05,1.18E+11,1.09E+01,1.23E+00,2.74E-16,r,4.6
226,5.71E+08,1.36E-01,7.26E-04,3.30E+26,8.16E+05,1.21E+11,1.11E+01,1.22E+00,2.99E-16,r,4.6
227,5.71E+08,1.36E-01,7.43E-04,3.30E+26,8.21E+05,1.25E+11,1.14E+01,1.22E+00,3.28E-16,r,4.6
228,5.70E+08,1.36E-01,7.60E-04,3.30E+26,8.26E+05,1.28E+11,1.16E+01,1.22E+00,3.58E-16,r,4.6
229,5.69E+08,1.36E-01,7.78E-04,3.30E+26,8.31E+05,1.32E+11,1.18E+01,1.21E+00,3.92E-16,r,4.6
230,5.68E+08,1.36E-01,7.96E-04,3.30E+26,8.36E+05,1.35E+11,1.21E+01,1.21E+00,4.28E-16,r,4.6
231,5.68E+08,1.36E-01,8.14E-04,3.30E+26,8.41E+05,1.39E+11,1.24E+01,1.20E+00,4.67E-16,r,4.6
232,5.67E+08,1.36E-01,8.33E-04,3.30E+26,8.46E+05,1.43E+11,1.26E+01,1.20E+00,5.10E-16,r,4.6
233,5.66E+08,1.36E-01,8.52E-04,3.30E+26,8.51E+05,1.47E+11,1.29E+01,1.20E+00,5.57E-16,r,4.6
234,5.65E+08,1.36E-01,8.71E-04,3.30E+26,8.56E+05,1.51E+11,1.32E+01,1.19E+00,6.07E-16,r,4.6
235,5.65E+08,1.36E-01,8.91E-04,3.30E+26,8.61E+05,1.55E+11,1.34E+01,1.19E+00,6.62E-16,r,4.6
236,5.64E+08,1.36E-01,9.11E-04,3.30E+26,8.66E+05,1.59E+11,1.37E+01,1.18E+00,7.22E-16,r,4.6
237,5.63E+08,1.36E-01,9.31E-04,3.30E+26,8.71E+05,1.63E+11,1.40E+01,1.18E+00,7.86E-16,r,4.6
238,5.63E+08,1.36E-01,9.52E-04,3.30E+26,8.76E+05,1.68E+11,1.43E+01,1.18E+00,8.56E-16,r,4.6
239,5.62E+08,1.36E-01,9.73E-04,3.30E+26,8.81E+05,1.72E+11,1.46E+01,1.17E+00,9.32E-16,r,4.6
240,5.61E+08,1.36E-01,9.95E-04,3.30E+26,8.86E+05,1.77E+11,1.49E+01,1.17E+00,1.01E-15,r,4.6
241,5.60E+08,1.36E-01,1.02E-03,3.30E+26,8.91E+05,1.82E+11,1.52E+01,1.17E+00,1.10E-15,r,4.6
242,5.60E+08,1.36E-01,1.04E-03,3.30E+26,8.96E+05,1.86E+11,1.55E+01,1.16E+00,1.20E-15,r,4.6
243,5.59E+08,1.36E-01,1.06E-03,3.30E+26,9.01E+05,1.91E+11,1.58E+01,1.16E+00,1.30E-15,r,4.6
244,5.58E+08,1.36E-01,1.09E-03,3.30E+26,9.06E+05,1.96E+11,1.62E+01,1.15E+00,1.42E-15,r,4.6
245,5.57E+08,1.36E-01,1.11E-03,3.30E+26,9.12E+05,2.01E+11,1.65E+01,1.15E+00,1.54E-15,r,4.6
246,5.57E+08,1.36E-01,1.13E-03,3.30E+26,9.17E+05,2.07E+11,1.68E+01,1.15E+00,1.67E-15,r,4.6
247,5.56E+08,1.36E-01,1.16E-03,3.30E+26,9.22E+05,2.12E+11,1.72E+01,1.14E+00,1.81E-15,r,4.6
248,5.55E+08,1.36E-01,1.18E-03,3.30E+26,9.27E+05,2.18E+11,1.75E+01,1.14E+00,1.97E-15,r,4.6
249,5.54E+08,1.36E-01,1.21E-03,3.30E+26,9.32E+05,2.23E+11,1.79E+01,1.14E+00,2.13E-15,r,4.6
250,5.54E+08,1.36E-01,1.23E-03,3.30E+26,9.38E+05,2.29E+11,1.82E+01,1.13E+00,2.31E-15,r,4.6
251,5.53E+08,1.36E-01,1.26E-03,3.30E+26,9.43E+05,2.35E+11,1.86E+01,1.13E+00,2.50E-15,r,4.6
252,5.52E+08,1.36E-01,1.29E-03,3.30E+26,9.48E+05,2.41E+11,1.90E+01,1.13E+00,2.71E-15,r,4.6
253,5.51E+08,1.36E-01,1.31E-03,3.30E+26,9.53E+05,2.47E+11,1.93E+01,1.12E+00,2.94E-15,r,4.6
254,5.51E+08,1.36E-01,1.34E-03,3.30E+26,9.59E+05,2.53E+11,1.97E+01,1.12E+00,3.18E-15,r,4.6
255,5.50E+08,1.36E-01,1.37E-03,3.30E+26,9.64E+05,2.60E+11,2.01E+01,1.12E+00,3.44E-15,r,4.6
256,5.49E+08,1.36E-01,1.40E-03,3.30E+26,9.69E+05,2.66E+11,2.05E+01,1.11E+00,3.72E-15,r,4.6
257,5.49E+08,1.36E-01,1.43E-03,3.30E+26,9.75E+05,2.73E+11,2.09E+01,1.11E+00,4.03E-15,r,4.6
258,5.48E+08,1.36E-01,1.46E-03,3.30E+26,9.80E+05,2.80E+11,2.13E+01,1.11E+00,4.35E-15,r,4.6
259,5.47E+08,1.36E-01,1.49E-03,3.30E+26,9.85E+05,2.87E+11,2.17E+01,1.10E+00,4.70E-15,r,4.6
260,5.46E+08,1.36E-01,1.52E-03,3.30E+26,9.91E+05,2.94E+11,2.22E+01,1.10E+00,5.08E-15,r,4.6
261,5.46E+08,1.36E-01,1.55E-03,3.30E+26,9.96E+05,3.02E+11,2.26E+01,1.10E+00,5.49E-15,r,4.6
262,5.45E+08,1.36E-01,1.58E-03,3.30E+26,1.00E+06,3.09E+11,2.30E+01,1.09E+00,5.93E-15,r,4.5
263,5.44E+08,1.36E-01,1.61E-03,3.30E+26,1.01E+06,3.17E+11,2.35E+01,1.09E+00,6.40E-15,r,4.5
264,5.43E+08,1.36E-01,1.64E-03,3.30E+26,1.01E+06,3.25E+11,2.39E+01,1.09E+00,6.90E-15,r,4.5
265,5.43E+08,1.36E-01,1.68E-03,3.30E+26,1.02E+06,3.33E+11,2.44E+01,1.08E+00,7.44E-15,r,4.5
266,5.42E+08,1.36E-01,1.71E-03,3.30E+26,1.02E+06,3.41E+11,2.49E+01,1.08E+00,8.03E-15,r,4.5
267,5.41E+08,1.36E-01,1.74E-03,3.30E+26,1.03E+06,3.49E+11,2.53E+01,1.08E+00,8.65E-15,r,4.5
268,5.40E+08,1.36E-01,1.78E-03,3.30E+26,1.03E+06,3.58E+11,2.58E+01,1.07E+00,9.33E-15,r,4.5
269,5.40E+08,1.36E-01,1.81E-03,3.30E+26,1.04E+06,3.67E+11,2.63E+01,1.07E+00,1.01E-14,r,4.5
270,5.39E+08,1.36E-01,1.85E-03,3.30E+26,1.05E+06,3.75E+11,2.68E+01,1.07E+00,1.08E-14,r,4.5
271,5.38E+08,1.36E-01,1.89E-03,3.30E+26,1.05E+06,3.85E+11,2.73E+01,1.07E+00,1.17E-14,r,4.5
272,5.37E+08,1.36E-01,1.92E-03,3.30E+26,1.06E+06,3.94E+11,2.78E+01,1.06E+00,1.25E-14,r,4.5
273,5.37E+08,1.36E-01,1.96E-03,3.30E+26,1.06E+06,4.03E+11,2.84E+01,1.06E+00,1.35E-14,r,4.5
274,5.36E+08,1.36E-01,2.00E-03,3.30E+26,1.07E+06,4.13E+11,2.89E+01,1.06E+00,1.45E-14,r,4.5
275,5.35E+08,1.36E-01,2.04E-03,3.30E+26,1.07E+06,4.23E+11,2.94E+01,1.05E+00,1.56E-14,r,4.5
276,5.35E+08,1.36E-01,2.08E-03,3.30E+26,1.08E+06,4.33E+11,3.00E+01,1.05E+00,1.68E-14,r,4.5
277,5.34E+08,1.36E-01,2.12E-03,3.30E+26,1.08E+06,4.44E+11,3.05E+01,1.05E+00,1.81E-14,r,4.5
278,5.33E+08,1.36E-01,2.16E-03,3.30E+26,1.09E+06,4.54E+11,3.11E+01,1.04E+00,1.94E-14,r,4.5
279,5.32E+08,1.36E-01,2.20E-03,3.30E+26,1.10E+06,4.65E+11,3.17E+01,1.04E+00,2.08E-14,r,4.5
280,5.32E+08,1.36E-01,2.24E-03,3.30E+26,1.10E+06,4.76E+11,3.23E+01,1.04E+00,2.24E-14,r,4.5
281,5.31E+08,1.36E-01,2.28E-03,3.30E+26,1.11E+06,4.88E+11,3.29E+01,1.04E+00,2.40E-14,r,4.5
282,5.30E+08,1.36E-01,2.33E-03,3.30E+26,1.11E+06,4.99E+11,3.35E+01,1.03E+00,2.58E-14,r,4.5
283,5.29E+08,1.36E-01,2.37E-03,3.30E+26,1.12E+06,5.11E+11,3.41E+01,1.03E+00,2.77E-14,r,4.5
284,5.29E+08,1.36E-01,2.42E-03,3.30E+26,1.12E+06,5.23E+11,3.47E+01,1.03E+00,2.97E-14,r,4.5
285,5.28E+08,1.36E-01,2.46E-03,3.30E+26,1.13E+06,5.35E+11,3.53E+01,1.02E+00,3.19E-14,r,4.5
286,5.27E+08,1.36E-01,2.51E-03,3.30E+26,1.14E+06,5.48E+11,3.60E+01,1.02E+00,3.42E-14,r,4.5
287,5.26E+08,1.36E-01,2.55E-03,3.30E+26,1.14E+06,5.61E+11,3.66E+01,1.02E+00,3.66E-14,r,4.5
288,5.26E+08,1.36E-01,2.60E-03,3.30E+26,1.15E+06,5.74E+11,3.73E+01,1.02E+00,3.93E-14,r,4.5
289,5.25E+08,1.36E-01,2.65E-03,3.30E+26,1.15E+06,5.87E+11,3.80E+01,1.01E+00,4.21E-14,r,4.5
290,5.24E+08,1.36E-01,2.70E-03,3.30E+26,1.16E+06,6.01E+11,3.87E+01,1.01E+00,4.51E-14,r,4.5
291,5.23E+08,1.36E-01,2.75E-03,3.30E+26,1.17E+06,6.14E+11,3.94E+01,1.01E+00,4.83E-14,r,4.5
292,5.23E+08,1.36E-01,2.80E-03,3.30E+26,1.17E+06,6.29E+11,4.01E+01,1.00E+00,5.17E-14,r,4.5
293,5.22E+08,1.36E-01,2.85E-03,3.30E+26,1.18E+06,6.43E+11,4.08E+01,1.00E+00,5.53E-14,r,4.5
294,5.21E+08,1.36E-01,2.90E-03,3.30E+26,1.18E+06,6.58E+11,4.15E+01,9.99E-01,5.92E-14,r,4.5
295,5.20E+08,1.36E-01,2.96E-03,3.30E+26,1.19E+06,6.73E+11,4.23E+01,9.96E-01,6.34E-14,r,4.5
296,5.20E+08,1.36E-01,3.01E-03,3.30E+26,1.20E+06,6.89E+11,4.30E+01,9.93E-01,6.78E-14,r,4.5
297,5.19E+08,1.36E-01,3.06E-03,3.30E+26,1.20E+06,7.04E+11,4.38E+01,9.90E-01,7.25E-14,r,4.5
298,5.18E+08,1.36E-01,3.12E-03,3.30E+26,1.21E+06,7.20E+11,4.46E+01,9.88E-01,7.75E-14,r,4.5
299,5.18E+08,1.36E-01,3.17E-03,3.30E+26,1.21E+06,7.37E+11,4.53E+01,9.85E-01,8.29E-14,r,4.5
300,5.17E+08,1.36E-01,3.23E-03,3.30E+26,1.22E+06,7.53E+11,4.61E+01,9.83E-01,8.85E-14,r,4.5
301,5.16E+08,1.36E-01,3.29E-03,3.30E+26,1.23E+06,7.71E+11,4.70E+01,9.80E-01,9.46E-14,r,4.5
302,5.15E+08,1.36E-01,3.35E-03,3.30E+26,1.23E+06,7.88E+11,4.78E+01,9.77E-01,1.01E-13,r,4.5
303,5.15E+08,1.36E-01,3.41E-03,3.30E+26,1.24E+06,8.06E+11,4.86E+01,9.75E-01,1.08E-13,r,4.5
304,5.14E+08,1.36E-01,3.47E-03,3.30E+26,1.24E+06,8.24E+11,4.95E+01,9.72E-01,1.15E-13,r,4.5
305,5.13E+08,1.36E-01,3.53E-03,3.30E+26,1.25E+06,8.42E+11,5.03E+01,9.70E-01,1.23E-13,r,4.5
306,5.12E+08,1.36E-01,3.59E-03,3.30E+26,1.26E+06,8.61E+11,5.12E+01,9.67E-01,1.31E-13,r,4.5
307,5.12E+08,1.36E-01,3.65E-03,3.30E+26,1.26E+06,8.81E+11,5.21E+01,9.64E-01,1.40E-13,r,4.5
308,5.11E+08,1.36E-01,3.72E-03,3.30E+26,1.27E+06,9.00E+11,5.30E+01,9.62E-01,1.50E-13,r,4.5
309,5.10E+08,1.36E-01,3.78E-03,3.30E+26,1.27E+06,9.20E+11,5.39E+01,9.59E-01,1.60E-13,r,4.5
310,5.09E+08,1.36E-01,3.85E-03,3.30E+26,1.28E+06,9.41E+11,5.49E+01,9.57E-01,1.70E-13,r,4.5
311,5.09E+08,1.36E-01,3.91E-03,3.30E+26,1.29E+06,9.62E+11,5.58E+01,9.54E-01,1.81E-13,r,4.5
312,5.08E+08,1.36E-01,3.98E-03,3.30E+26,1.29E+06,9.83E+11,5.68E+01,9.52E-01,1.93E-13,r,4.5
313,5.07E+08,1.36E-01,4.05E-03,3.30E+26,1.30E+06,1.01E+12,5.78E+01,9.49E-01,2.06E-13,r,4.5
314,5.06E+08,1.36E-01,4.12E-03,3.30E+26,1.30E+06,1.03E+12,5.87E+01,9.47E-01,2.20E-13,r,4.5
315,5.06E+08,1.36E-01,4.19E-03,3.30E+26,1.31E+06,1.05E+12,5.98E+01,9.45E-01,2.34E-13,r,4.5
316,5.05E+08,1.36E-01,4.26E-03,3.30E+26,1.32E+06,1.07E+12,6.08E+01,9.42E-01,2.49E-13,r,4.5
317,5.04E+08,1.36E-01,4.33E-03,3.30E+26,1.32E+06,1.10E+12,6.18E+01,9.40E-01,2.65E-13,r,4.5
318,5.04E+08,1.36E-01,4.41E-03,3.30E+26,1.33E+06,1.12E+12,6.29E+01,9.37E-01,2.83E-13,r,4.5
319,5.03E+08,1.36E-01,4.48E-03,3.30E+26,1.34E+06,1.14E+12,6.39E+01,9.35E-01,3.01E-13,r,4.5
320,5.02E+08,1.36E-01,4.56E-03,3.30E+26,1.34E+06,1.17E+12,6.50E+01,9.33E-01,3.20E-13,r,4.5
321,5.01E+08,1.36E-01,4.63E-03,3.30E+26,1.35E+06,1.20E+12,6.61E+01,9.30E-01,3.41E-13,r,4.5
322,5.01E+08,1.36E-01,4.71E-03,3.30E+26,1.36E+06,1.22E+12,6.72E+01,9.28E-01,3.62E-13,r,4.5
323,5.00E+08,1.36E-01,4.79E-03,3.30E+26,1.36E+06,1.25E+12,6.84E+01,9.25E-01,3.85E-13,r,4.5
324,4.99E+08,1.36E-01,4.87E-03,3.30E+26,1.37E+06,1.27E+12,6.95E+01,9.23E-01,4.10E-13,r,4.5
325,4.98E+08,1.36E-01,4.95E-03,3.30E+26,1.38E+06,1.30E+12,7.07E+01,9.21E-01,4.36E-13,r,4.5
326,4.98E+08,1.36E-01,5.03E-03,3.30E+26,1.38E+06,1.33E+12,7.19E+01,9.18E-01,4.63E-13,r,4.5
327,4.97E+08,1.36E-01,5.12E-03,3.30E+26,1.39E+06,1.36E+12,7.31E+01,9.16E-01,4.93E-13,r,4.5
328,4.96E+08,1.36E-01,5.20E-03,3.30E+26,1.39E+06,1.39E+12,7.43E+01,9.14E-01,5.23E-13,r,4.5
329,4.95E+08,1.36E-01,5.29E-03,3.30E+26,1.40E+06,1.42E+12,7.55E+01,9.12E-01,5.56E-13,r,4.5
330,4.95E+08,1.36E-01,5.37E-03,3.30E+26,1.41E+06,1.45E+12,7.68E+01,9.09E-01,5.91E-13,r,4.5
331,4.94E+08,1.36E-01,5.46E-03,3.30E+26,1.41E+06,1.48E+12,7.81E+01,9.07E-01,6.28E-13,r,4.5
332,4.93E+08,1.36E-01,5.55E-03,3.30E+26,1.42E+06,1.51E+12,7.94E+01,9.05E-01,6.66E-13,r,4.5
333,4.92E+08,1.36E-01,5.64E-03,3.30E+26,1.43E+06,1.54E+12,8.07E+01,9.02E-01,7.08E-13,r,4.5
334,4.92E+08,1.36E-01,5.73E-03,3.30E+26,1.43E+06,1.58E+12,8.20E+01,9.00E-01,7.51E-13,r,4.5
335,4.91E+08,1.36E-01,5.82E-03,3.30E+26,1.44E+06,1.61E+12,8.34E+01,8.98E-01,7.97E-13,r,4.5
336,4.90E+08,1.36E-01,5.92E-03,3.30E+26,1.45E+06,1.64E+12,8.47E+01,8.96E-01,8.46E-13,r,4.5
337,4.90E+08,1.36E-01,6.01E-03,3.30E+26,1.45E+06,1.68E+12,8.61E+01,8.94E-01,8.98E-13,r,4.5
338,4.89E+08,1.36E-01,6.11E-03,3.30E+26,1.46E+06,1.71E+12,8.75E+01,8.91E-01,9.52E-13,r,4.5
339,4.88E+08,1.36E-01,6.21E-03,3.30E+26,1.47E+06,1.75E+12,8.90E+01,8.89E-01,1.01E-12,r,4.5
340,4.87E+08,1.36E-01,6.31E-03,3.30E+26,1.47E+06,1.79E+12,9.04E+01,8.87E-01,1.07E-12,r,4.5
341,4.87E+08,1.36E-01,6.41E-03,3.30E+26,1.48E+06,1.82E+12,9.19E+01,8.85E-01,1.14E-12,r,4.5
342,4.86E+08,1.36E-01,6.51E-03,3.30E+26,1.49E+06,1.86E+12,9.34E+01,8.83E-01,1.20E-12,r,4.5
343,4.85E+08,1.36E-01,6.61E-03,3.30E+26,1.49E+06,1.90E+12,9.49E+01,8.80E-01,1.28E-12,r,4.5
344,4.84E+08,1.36E-01,6.72E-03,3.30E+26,1.50E+06,1.94E+12,9.65E+01,8.78E-01,1.35E-12,r,4.5
345,4.84E+08,1.36E-01,6.82E-03,3.30E+26,1.51E+06,1.98E+12,9.80E+01,8.76E-01,1.43E-12,r,4.5
346,4.83E+08,1.36E-01,6.93E-03,3.30E+26,1.52E+06,2.02E+12,9.96E+01,8.74E-01,1.52E-12,r,4.5
347,4.82E+08,1.36E-01,7.04E-03,3.30E+26,1.52E+06,2.06E+12,1.01E+02,8.72E-01,1.61E-12,r,4.5
348,4.81E+08,1.36E-01,7.15E-03,3.30E+26,1.53E+06,2.11E+12,1.03E+02,8.70E-01,1.71E-12,r,4.5
349,4.81E+08,1.36E-01,7.26E-03,3.30E+26,1.54E+06,2.15E+12,1.05E+02,8.68E-01,1.81E-12,r,4.5
350,4.80E+08,1.36E-01,7.37E-03,3.30E+26,1.54E+06,2.20E+12,1.06E+02,8.66E-01,1.91E-12,r,4.5
351,4.79E+08,1.36E-01,7.49E-03,3.30E+26,1.55E+06,2.24E+12,1.08E+02,8.63E-01,2.02E-12,r,4.5
352,4.78E+08,1.36E-01,7.60E-03,3.30E+26,1.56E+06,2.29E+12,1.10E+02,8.61E-01,2.14E-12,r,4.5
353,4.78E+08,1.36E-01,7.72E-03,3.30E+26,1.56E+06,2.33E+12,1.11E+02,8.59E-01,2.27E-12,r,4.5
354,4.77E+08,1.36E-01,7.84E-03,3.30E+26,1.57E+06,2.38E+12,1.13E+02,8.57E-01,2.40E-12,r,4.5
355,4.76E+08,1.36E-01,7.96E-03,3.30E+26,1.58E+06,2.43E+12,1.15E+02,8.55E-01,2.54E-12,r,4.5
356,4.76E+08,1.36E-01,8.08E-03,3.30E+26,1.59E+06,2.48E+12,1.17E+02,8.53E-01,2.69E-12,r,4.5
357,4.75E+08,1.36E-01,8.20E-03,3.30E+26,1.59E+06,2.53E+12,1.19E+02,8.51E-01,2.84E-12,r,4.5
358,4.74E+08,1.36E-01,8.33E-03,3.30E+26,1.60E+06,2.58E+12,1.21E+02,8.49E-01,3.00E-12,r,4.5
359,4.73E+08,1.36E-01,8.45E-03,3.30E+26,1.61E+06,2.64E+12,1.23E+02,8.47E-01,3.18E-12,r,4.5
360,4.73E+08,1.36E-01,8.58E-03,3.30E+26,1.61E+06,2.69E+12,1.24E+02,8.45E-01,3.36E-12,r,4.5
361,4.72E+08,1.36E-01,8.71E-03,3.30E+26,1.62E+06,2.74E+12,1.26E+02,8.43E-01,3.55E-12,r,4.5
362,4.71E+08,1.36E-01,8.84E-03,3.30E+26,1.63E+06,2.80E+12,1.28E+02,8.41E-01,3.75E-12,r,4.5
363,4.70E+08,1.36E-01,8.98E-03,3.30E+26,1.64E+06,2.86E+12,1.30E+02,8.39E-01,3.97E-12,r,4.5
364,4.70E+08,1.36E-01,9.11E-03,3.30E+26,1.64E+06,2.91E+12,1.32E+02,8.37E-01,4.19E-12,r,4.5
365,4.69E+08,1.36E-01,9.25E-03,3.30E+26,1.65E+06,2.97E+12,1.35E+02,8.35E-01,4.43E-12,r,4.5
366,4.68E+08,1.36E-01,9.39E-03,3.30E+26,1.66E+06,3.03E+12,1.37E+02,8.33E-01,4.68E-12,r,4.5
367,4.67E+08,1.36E-01,9.53E-03,3.30E+26,1.66E+06,3.09E+12,1.39E+02,8.31E-01,4.94E-12,r,4.5
368,4.67E+08,1.36E-01,9.67E-03,3.30E+26,1.67E+06,3.16E+12,1.41E+02,8.29E-01,5.22E-12,r,4.5
369,4.66E+08,1.36E-01,9.81E-03,3.30E+26,1.68E+06,3.22E+12,1.43E+02,8.27E-01,5.51E-12,r,4.5
370,4.65E+08,1.36E-01,9.96E-03,3.30E+26,1.69E+06,3.29E+12,1.45E+02,8.25E-01,5.82E-12,r,4.5
371,4.64E+08,1.36E-01,1.01E-02,3.30E+26,1.69E+06,3.35E+12,1.48E+02,8.23E-01,6.14E-12,r,4.5
372,4.57E+08,1.36E-01,1.16E-02,3.30E+26,1.77E+06,4.10E+12,1.73E+02,8.03E-01,1.07E-11,r,4.5
373,4.50E+08,1.36E-01,1.34E-02,3.30E+26,1.85E+06,5.01E+12,2.02E+02,7.85E-01,1.82E-11,r,4.5
374,4.42E+08,1.36E-01,1.53E-02,3.30E+26,1.94E+06,6.11E+12,2.36E+02,7.67E-01,3.08E-11,r,4.5
375,4.35E+08,1.36E-01,1.75E-02,3.30E+26,2.02E+06,7.42E+12,2.74E+02,7.49E-01,5.14E-11,r,4.5
376,4.28E+08,1.36E-01,2.00E-02,3.30E+26,2.11E+06,9.00E+12,3.19E+02,7.32E-01,8.50E-11,r,4.5
377,4.20E+08,1.36E-01,2.28E-02,3.30E+26,2.20E+06,1.09E+13,3.70E+02,7.16E-01,1.39E-10,r,4.5
378,4.13E+08,1.36E-01,2.59E-02,3.30E+26,2.30E+06,1.32E+13,4.29E+02,7.00E-01,2.25E-10,r,4.5
379,4.05E+08,1.36E-01,2.94E-02,3.30E+26,2.39E+06,1.59E+13,4.96E+02,6.85E-01,3.62E-10,r,4.5
380,3.98E+08,1.36E-01,3.32E-02,3.30E+26,2.50E+06,1.92E+13,5.73E+02,6.70E-01,5.76E-10,r,4.4
381,3.91E+08,1.36E-01,3.75E-02,3.30E+26,2.60E+06,2.30E+13,6.61E+02,6.55E-01,9.11E-10,r,4.4
382,3.83E+08,1.36E-01,4.23E-02,3.30E+26,2.71E+06,2.77E+13,7.62E+02,6.41E-01,1.43E-09,r,4.4
383,3.76E+08,1.36E-01,4.76E-02,3.30E+26,2.82E+06,3.32E+13,8.78E+02,6.27E-01,2.22E-09,r,4.4
384,3.69E+08,1.36E-01,5.34E-02,3.30E+26,2.94E+06,3.98E+13,1.01E+03,6.13E-01,3.44E-09,r,4.4
385,3.61E+08,1.36E-01,5.98E-02,3.30E+26,3.06E+06,4.76E+13,1.16E+03,5.99E-01,5.29E-09,r,4.4
386,3.54E+08,1.36E-01,6.69E-02,3.30E+26,3.19E+06,5.69E+13,1.33E+03,5.86E-01,8.07E-09,r,4.4
387,3.47E+08,1.36E-01,7.48E-02,3.30E+26,3.32E+06,6.80E+13,1.53E+03,5.73E-01,1.23E-08,r,4.4
388,3.39E+08,1.36E-01,8.33E-02,3.30E+26,3.46E+06,8.11E+13,1.75E+03,5.60E-01,1.85E-08,r,4.4
389,3.32E+08,1.36E-01,9.27E-02,3.30E+26,3.60E+06,9.67E+13,2.01E+03,5.48E-01,2.78E-08,r,4.4
390,3.24E+08,1.36E-01,1.03E-01,3.30E+26,3.74E+06,1.15E+14,2.30E+03,5.35E-01,4.15E-08,r,4.3
391,3.17E+08,1.36E-01,1.14E-01,3.30E+26,3.90E+06,1.37E+14,2.63E+03,5.23E-01,6.16E-08,r,4.3
392,3.10E+08,1.36E-01,1.27E-01,3.30E+26,4.05E+06,1.63E+14,3.00E+03,5.11E-01,9.10E-08,r,4.3
393,3.02E+08,1.36E-01,1.40E-01,3.30E+26,4.22E+06,1.93E+14,3.42E+03,4.99E-01,1.34E-07,r,4.3
394,2.95E+08,1.36E-01,1.54E-01,3.30E+26,4.39E+06,2.29E+14,3.90E+03,4.87E-01,1.96E-07,r,4.3
395,2.88E+08,1.36E-01,1.70E-01,3.30E+26,4.57E+06,2.72E+14,4.45E+03,4.75E-01,2.85E-07,r,4.3
396,2.80E+08,1.36E-01,1.87E-01,3.30E+26,4.75E+06,3.22E+14,5.06E+03,4.63E-01,4.14E-07,r,4.2
397,2.73E+08,1.36E-01,2.05E-01,3.30E+26,4.94E+06,3.80E+14,5.75E+03,4.51E-01,5.96E-07,r,4.2
398,2.65E+08,1.36E-01,2.24E-01,3.30E+26,5.14E+06,4.49E+14,6.52E+03,4.40E-01,8.56E-07,r,4.2
399,2.58E+08,1.36E-01,2.45E-01,3.30E+26,5.35E+06,5.30E+14,7.40E+03,4.28E-01,1.22E-06,r,4.2
400,2.51E+08,1.36E-01,2.68E-01,3.30E+26,5.56E+06,6.24E+14,8.37E+03,4.16E-01,1.74E-06,r,4.1
401,2.43E+08,1.36E-01,2.92E-01,3.30E+26,5.78E+06,7.33E+14,9.46E+03,4.04E-01,2.45E-06,r,4.1
402,2.36E+08,1.36E-01,3.17E-01,3.29E+26,6.02E+06,8.60E+14,1.07E+04,3.92E-01,3.45E-06,r,4.1
403,2.29E+08,1.36E-01,3.43E-01,3.29E+26,6.26E+06,1.01E+15,1.20E+04,3.81E-01,4.81E-06,r,4
404,2.21E+08,1.36E-01,3.72E-01,3.29E+26,6.50E+06,1.18E+15,1.35E+04,3.69E-01,6.69E-06,r,4
405,2.14E+08,1.36E-01,4.01E-01,3.28E+26,6.76E+06,1.37E+15,1.52E+04,3.57E-01,9.23E-06,r,3.9
406,2.06E+08,1.36E-01,4.32E-01,3.28E+26,7.03E+06,1.60E+15,1.69E+04,3.45E-01,1.27E-05,r,3.9
407,1.99E+08,1.36E-01,4.63E-01,3.27E+26,7.30E+06,1.85E+15,1.89E+04,3.33E-01,1.73E-05,r,3.8
408,1.92E+08,1.36E-01,4.96E-01,3.25E+26,7.59E+06,2.14E+15,2.10E+04,3.22E-01,2.34E-05,r,3.8
409,1.84E+08,1.36E-01,5.30E-01,3.24E+26,7.88E+06,2.46E+15,2.33E+04,3.10E-01,3.14E-05,r,3.7
410,1.77E+08,1.36E-01,5.64E-01,3.21E+26,8.18E+06,2.82E+15,2.58E+04,2.98E-01,4.18E-05,r,3.7
411,1.70E+08,1.36E-01,5.99E-01,3.18E+26,8.49E+06,3.22E+15,2.84E+04,2.87E-01,5.53E-05,r,3.6
412,1.62E+08,1.36E-01,6.34E-01,3.13E+26,8.80E+06,3.67E+15,3.11E+04,2.75E-01,7.25E-05,r,3.5
413,1.55E+08,1.36E-01,6.68E-01,3.08E+26,9.12E+06,4.16E+15,3.40E+04,2.64E-01,9.42E-05,r,3.5
414,1.47E+08,1.36E-01,7.02E-01,3.00E+26,9.45E+06,4.69E+15,3.70E+04,2.53E-01,1.21E-04,r,3.4
415,1.40E+08,1.36E-01,7.36E-01,2.91E+26,9.78E+06,5.25E+15,4.01E+04,2.42E-01,1.55E-04,r,3.3
416,1.33E+08,1.36E-01,7.68E-01,2.80E+26,1.01E+07,5.86E+15,4.33E+04,2.32E-01,1.95E-04,r,3.3
417,1.25E+08,1.36E-01,7.99E-01,2.67E+26,1.05E+07,6.50E+15,4.65E+04,2.22E-01,2.43E-04,r,3.2
418,1.18E+08,1.36E-01,8.28E-01,2.51E+26,1.08E+07,7.18E+15,4.97E+04,2.13E-01,3.00E-04,r,3.1
419,1.11E+08,1.36E-01,8.55E-01,2.33E+26,1.11E+07,7.87E+15,5.28E+04,2.04E-01,3.67E-04,r,3
420,1.03E+08,1.36E-01,8.80E-01,2.13E+26,1.15E+07,8.58E+15,5.59E+04,1.95E-01,4.43E-04,r,3
421,9.58E+07,1.36E-01,9.03E-01,1.91E+26,1.18E+07,9.29E+15,5.89E+04,1.87E-01,5.29E-04,r,2.9
422,8.85E+07,1.36E-01,9.23E-01,1.68E+26,1.21E+07,1.00E+16,6.18E+04,1.80E-01,6.24E-04,r,2.8
423,8.11E+07,1.36E-01,9.41E-01,1.44E+26,1.24E+07,1.07E+16,6.45E+04,1.72E-01,7.27E-04,r,2.7
424,7.37E+07,1.36E-01,9.56E-01,1.21E+26,1.27E+07,1.14E+16,6.69E+04,1.66E-01,8.39E-04,r,2.6
425,6.64E+07,1.36E-01,9.68E-01,9.89E+25,1.30E+07,1.20E+16,6.91E+04,1.60E-01,9.56E-04,c,2.5
426,5.90E+07,1.36E-01,9.78E-01,7.88E+25,1.32E+07,1.26E+16,7.10E+04,1.54E-01,1.08E-03,c,2.3
427,5.16E+07,1.36E-01,9.86E-01,6.14E+25,1.35E+07,1.31E+16,7.27E+04,1.48E-01,1.20E-03,c,2.1
428,4.42E+07,1.36E-01,9.92E-01,4.74E+25,1.37E+07,1.36E+16,7.40E+04,1.43E-01,1.33E-03,c,1.8
429,3.69E+07,1.36E-01,9.96E-01,3.70E+25,1.39E+07,1.40E+16,7.49E+04,1.37E-01,1.46E-03,c,1.4
430,2.95E+07,1.36E-01,9.98E-01,3.00E+25,1.41E+07,1.44E+16,7.53E+04,1.31E-01,1.61E-03,c,1
431,2.21E+07,1.36E-01,9.99E-01,2.61E+25,1.44E+07,1.47E+16,7.48E+04,1.21E-01,1.83E-03,c,0.6
432,1.47E+07,1.36E-01,1.00E+00,2.45E+25,1.49E+07,1.51E+16,7.20E+04,1.01E-01,2.45E-03,c,0.3
433,0.00E+00,1.12E+11,1.00E+00,2.45E+25,1.54E+07,1.53E+16,7.41E+04,1.07E-01,2.47E-02,c,0.3